MessageType,Provider,LatitudeDegrees,LongitudeDegrees,AltitudeMeters,SpeedMps,AccuracyMeters,BearingDegrees,UnixTimeMillis
Fix,GT,37.3179092,-121.9485189,,0.0034137769,0.1,1.1173401,1607640760432
Fix,GT,37.3179092,-121.9485189,,0.002659439,0.1,1.1167603,1607640761432
Fix,GT,37.3179092,-121.9485189,,0.002358404,0.1,1.116272,1607640762432
Fix,GT,37.3179092,-121.9485189,,0.0042363564,0.1,1.1153564,1607640763432
Fix,GT,37.3179092,-121.9485189,,0.005385954,0.1,1.1148682,1607640764432
Fix,GT,37.3179092,-121.9485188,,0.008178178,0.1,1.1147461,1607640765432
Fix,GT,37.3179092,-121.9485187,,0.014333192,0.1,1.1140442,1607640766432
Fix,GT,37.3179093,-121.9485185,,0.020848548,0.1,1.1137695,1607640767432
Fix,GT,37.3179093,-121.9485182,,0.030993966,0.1,1.1131897,1607640768432
Fix,GT,37.3179093,-121.9485178,,0.039906375,0.1,1.111969,1607640769432
Fix,GT,37.3179093,-121.9485174,,0.05331405,0.1,0.6642456,1607640770432
Fix,GT,37.3179086,-121.9485181,,0.18003044,0.1,358.66534,1607640771432
Fix,GT,37.3179056,-121.9485184,,0.46437353,0.1,358.16052,1607640772432
Fix,GT,37.3179004,-121.948516,,0.7266897,0.1,3.797882,1607640773432
Fix,GT,37.3178933,-121.948512,,0.90954506,0.1,14.122559,1607640774432
Fix,GT,37.3178841,-121.948509,,0.96862674,0.1,26.758118,1607640775432
Fix,GT,37.3178744,-121.9485084,,0.7934551,0.1,39.13611,1607640776432
Fix,GT,37.3178677,-121.9485091,,0.388268,0.1,46.83252,1607640777432
Fix,GT,37.3178651,-121.9485089,,0.16161412,0.1,48.84073,1607640778432
Fix,GT,37.3178649,-121.9485048,,0.5633986,0.1,51.886597,1607640779432
Fix,GT,37.3178675,-121.9484921,,1.4302518,0.1,61.727814,1607640780432
Fix,GT,37.3178715,-121.9484669,,2.6470761,0.1,77.55319,1607640781432
Fix,GT,37.3178725,-121.9484276,,4.0797167,0.1,90.981384,1607640782432
Fix,GT,37.3178678,-121.9483749,,5.082576,0.1,95.73212,1607640783432
Fix,GT,37.3178597,-121.9483163,,5.2043567,0.1,95.03668,1607640784432
Fix,GT,37.3178533,-121.9482607,,4.603867,0.1,92.38568,1607640785432
Fix,GT,37.3178498,-121.9482151,,3.3426585,0.1,90.03412,1607640786432
Fix,GT,37.3178468,-121.948186,,1.8681464,0.1,89.027405,1607640787432
Fix,GT,37.3178435,-121.9481686,,1.2997675,0.1,88.58624,1607640788432
Fix,GT,37.3178333,-121.9481511,,1.8355906,0.1,90.13965,1607640789432
Fix,GT,37.3178031,-121.9481261,,2.3521705,0.1,103.102905,1607640790432
Fix,GT,37.3177565,-121.9480984,,3.0882142,0.1,131.30841,1607640791432
Fix,GT,37.3177263,-121.9480793,,4.41572,0.1,161.52234,1607640792432
Fix,GT,37.3177042,-121.9480671,,5.1724105,0.1,178.07703,1607640793432
Fix,GT,37.317657,-121.9480547,,5.372534,0.1,179.83049,1607640794432
Fix,GT,37.3176107,-121.9480468,,5.618588,0.1,178.79572,1607640795432
Fix,GT,37.3175656,-121.948045,,5.1378026,0.1,177.62134,1607640796432
Fix,GT,37.3175265,-121.9480492,,4.2627087,0.1,177.00061,1607640797432
Fix,GT,37.3174976,-121.9480599,,3.9684906,0.1,177.01306,1607640798432
Fix,GT,37.3174707,-121.9480743,,4.469359,0.1,177.5138,1607640799432
Fix,GT,37.3174318,-121.9480841,,5.5217667,0.1,178.50024,1607640800432
Fix,GT,37.3173851,-121.948093,,5.9709916,0.1,179.77496,1607640801432
Fix,GT,37.3173378,-121.9481001,,5.3116803,0.1,179.73053,1607640802432
Fix,GT,37.3172995,-121.9481046,,3.7430363,0.1,178.15399,1607640803432
Fix,GT,37.3172795,-121.9481091,,2.2236657,0.1,177.05652,1607640804432
Fix,GT,37.317272,-121.9481133,,1.9080708,0.1,176.354,1607640805432
Fix,GT,37.3172618,-121.9481191,,2.3088126,0.1,182.4458,1607640806432
Fix,GT,37.3172446,-121.9481355,,2.5918941,0.1,204.23767,1607640807432
Fix,GT,37.3172329,-121.948166,,3.1877847,0.1,234.9542,1607640808432
Fix,GT,37.3172301,-121.9482104,,4.664257,0.1,260.5121,1607640809432
Fix,GT,37.317233,-121.9482748,,6.779316,0.1,272.6179,1607640810432
Fix,GT,37.317239,-121.9483636,,8.952884,0.1,274.61877,1607640811432
Fix,GT,37.317245,-121.9484745,,10.72286,0.1,273.64392,1607640812432
Fix,GT,37.3172507,-121.9486022,,11.925247,0.1,273.1908,1607640813432
Fix,GT,37.3172566,-121.9487404,,12.489748,0.1,273.00137,1607640814432
Fix,GT,37.3172625,-121.9488813,,12.405882,0.1,273.0993,1607640815432
Fix,GT,37.317269,-121.9490191,,12.060322,0.1,273.65536,1607640816432
Fix,GT,37.3172763,-121.9491529,,11.732828,0.1,274.04227,1607640817432
Fix,GT,37.3172834,-121.9492834,,11.454878,0.1,273.96423,1607640818432
Fix,GT,37.3172903,-121.9494106,,11.108685,0.1,273.93698,1607640819432
Fix,GT,37.3172967,-121.9495319,,10.350254,0.1,273.8524,1607640820432
Fix,GT,37.3173023,-121.9496407,,8.893715,0.1,273.9214,1607640821432
Fix,GT,37.3173072,-121.9497306,,7.0678115,0.1,273.97202,1607640822432
Fix,GT,37.317311,-121.9498002,,5.305347,0.1,273.90082,1607640823432
Fix,GT,37.3173135,-121.9498503,,3.5924077,0.1,273.80466,1607640824432
Fix,GT,37.3173151,-121.949882,,2.0799458,0.1,273.76755,1607640825432
Fix,GT,37.3173159,-121.9498974,,0.7660177,0.1,273.69058,1607640826432
Fix,GT,37.317316,-121.9499009,,0.04410568,0.1,273.6809,1607640827432
Fix,GT,37.317316,-121.9499009,,0.0036296768,0.1,273.68073,1607640828432
Fix,GT,37.317316,-121.9499009,,0.003967016,0.1,273.67892,1607640829432
Fix,GT,37.317316,-121.9499009,,0.0034137773,0.1,273.67786,1607640830432
Fix,GT,37.317316,-121.9499009,,0.0027615703,0.1,273.67722,1607640831432
Fix,GT,37.317316,-121.9499009,,0.0022360682,0.1,273.67786,1607640832432
Fix,GT,37.317316,-121.9499008,,0.0021339378,0.1,273.6791,1607640833432
Fix,GT,37.317316,-121.9499008,,0.002,0.1,273.6786,1607640834432
Fix,GT,37.317316,-121.9499008,,0.002,0.1,273.67792,1607640835432
Fix,GT,37.317316,-121.9499009,,0.0021021306,0.1,273.67725,1607640836432
Fix,GT,37.317316,-121.9499009,,0.0024923412,0.1,273.67642,1607640837432
Fix,GT,37.317316,-121.9499009,,0.0031646357,0.1,273.6756,1607640838432
Fix,GT,37.317316,-121.9499009,,0.0036055516,0.1,273.6748,1607640839432
Fix,GT,37.317316,-121.9499009,,0.0038811765,0.1,273.67395,1607640840432
Fix,GT,37.317316,-121.9499009,,0.003967016,0.1,273.67328,1607640841432
Fix,GT,37.317316,-121.9499009,,0.0038811765,0.1,273.6727,1607640842432
Fix,GT,37.317316,-121.9499009,,0.0042426405,0.1,273.67224,1607640843432
Fix,GT,37.317316,-121.9499009,,0.0042426405,0.1,273.67126,1607640844432
Fix,GT,37.317316,-121.9499009,,0.0042426405,0.1,273.67026,1607640845432
Fix,GT,37.317316,-121.9499008,,0.0042426405,0.1,273.66977,1607640846432
Fix,GT,37.317316,-121.9499008,,0.0042426405,0.1,273.6693,1607640847432
Fix,GT,37.317316,-121.9499008,,0.0042426405,0.1,273.66873,1607640848432
Fix,GT,37.317316,-121.9499008,,0.0042426405,0.1,273.66797,1607640849432
Fix,GT,37.317316,-121.9499008,,0.0039670155,0.1,273.66718,1607640850432
Fix,GT,37.317316,-121.9499008,,0.003605551,0.1,273.6665,1607640851432
Fix,GT,37.3173159,-121.9499008,,0.003605551,0.1,273.66583,1607640852432
Fix,GT,37.3173159,-121.9499008,,0.0032693427,0.1,273.66522,1607640853432
Fix,GT,37.3173159,-121.9499008,,0.0031646355,0.1,273.66464,1607640854432
Fix,GT,37.3173159,-121.9499008,,0.0032693427,0.1,273.6641,1607640855432
Fix,GT,37.3173159,-121.9499008,,0.0028284271,0.1,273.66333,1607640856432
Fix,GT,37.3173159,-121.9499008,,0.0028284271,0.1,273.6626,1607640857432
Fix,GT,37.3173159,-121.9499008,,0.0022165936,0.1,273.6619,1607640858432
Fix,GT,37.3173159,-121.9499008,,0.0014142136,0.1,273.66116,1607640859432
Fix,GT,37.3173159,-121.9499008,,0.002026047,0.1,273.66046,1607640860432
Fix,GT,37.3173159,-121.9499008,,0.002572154,0.1,273.6596,1607640861432
Fix,GT,37.3173159,-121.9499008,,0.002236068,0.1,273.65884,1607640862432
Fix,GT,37.3173159,-121.9499008,,0.001701306,0.1,273.65808,1607640863432
Fix,GT,37.317316,-121.9499008,,0.001179202,0.1,273.6573,1607640864432
Fix,GT,37.317316,-121.9499008,,0.0014142136,0.1,273.65656,1607640865432
Fix,GT,37.317316,-121.9499008,,0.0012350117,0.1,273.65594,1607640866432
Fix,GT,37.317316,-121.9499008,,0.001179202,0.1,273.6553,1607640867432
Fix,GT,37.317316,-121.9499008,,0.0012350117,0.1,273.6546,1607640868432
Fix,GT,37.317316,-121.9499008,,0.0005673683,0.1,273.65384,1607640869432
Fix,GT,37.317316,-121.9499008,,0.0,0.1,273.6531,1607640870432
Fix,GT,37.317316,-121.9499009,,0.0,0.1,273.6523,1607640871432
Fix,GT,37.317316,-121.9499009,,0.0,0.1,273.65155,1607640872432
Fix,GT,37.317316,-121.9499009,,0.0,0.1,273.65088,1607640873432
Fix,GT,37.3173161,-121.9499009,,0.0,0.1,273.65012,1607640874432
Fix,GT,37.3173161,-121.9499009,,0.0,0.1,273.6493,1607640875432
Fix,GT,37.3173161,-121.9499009,,0.00043263176,0.1,273.64856,1607640876432
Fix,GT,37.3173161,-121.9499009,,0.001179202,0.1,273.6478,1607640877432
Fix,GT,37.3173161,-121.9499009,,0.0014142136,0.1,273.64697,1607640878432
Fix,GT,37.3173161,-121.9499009,,0.0012350117,0.1,273.6463,1607640879432
Fix,GT,37.3173161,-121.9499009,,0.001179202,0.1,273.6457,1607640880432
Fix,GT,37.3173161,-121.9499009,,0.0014142136,0.1,273.6451,1607640881432
Fix,GT,37.3173161,-121.9499009,,0.0014142136,0.1,273.6443,1607640882432
Fix,GT,37.3173161,-121.9499009,,0.0014142136,0.1,273.64355,1607640883432
Fix,GT,37.3173161,-121.9499009,,0.0014142136,0.1,273.643,1607640884432
Fix,GT,37.3173161,-121.9499009,,0.0014142136,0.1,273.64246,1607640885432
Fix,GT,37.3173161,-121.9499009,,0.0014142136,0.1,273.64175,1607640886432
Fix,GT,37.3173161,-121.9499009,,0.0014142136,0.1,273.64105,1607640887432
Fix,GT,37.3173161,-121.9499009,,0.0014142136,0.1,273.64038,1607640888432
Fix,GT,37.3173161,-121.9499009,,0.0014142136,0.1,273.6397,1607640889432
Fix,GT,37.3173161,-121.9499009,,0.0014142136,0.1,273.639,1607640890432
Fix,GT,37.3173161,-121.9499009,,0.0014142136,0.1,273.63837,1607640891432
Fix,GT,37.3173161,-121.9499009,,0.0014142136,0.1,273.63773,1607640892432
Fix,GT,37.3173161,-121.9499009,,0.0014142136,0.1,273.63696,1607640893432
Fix,GT,37.3173161,-121.9499009,,0.0017697739,0.1,273.63617,1607640894432
Fix,GT,37.3173161,-121.9499009,,0.0018805076,0.1,273.6355,1607640895432
Fix,GT,37.3173161,-121.9499009,,0.0014142136,0.1,273.63483,1607640896432
Fix,GT,37.3173161,-121.9499009,,0.0014142136,0.1,273.6342,1607640897432
Fix,GT,37.3173161,-121.9499009,,0.0012350116,0.1,273.6335,1607640898432
Fix,GT,37.3173161,-121.9499009,,0.001179202,0.1,273.6328,1607640899432
Fix,GT,37.3173161,-121.9499009,,0.0012350116,0.1,273.6322,1607640900432
Fix,GT,37.3173161,-121.9499009,,0.001179202,0.1,273.63165,1607640901432
Fix,GT,37.3173161,-121.9499009,,0.0012350116,0.1,273.63098,1607640902432
Fix,GT,37.3173161,-121.9499009,,0.001,0.1,273.63037,1607640903432
Fix,GT,37.3173161,-121.9499009,,0.001,0.1,273.62976,1607640904432
Fix,GT,37.3173161,-121.9499009,,0.001,0.1,273.6291,1607640905432
Fix,GT,37.3173161,-121.9499009,,0.001,0.1,273.62842,1607640906432
Fix,GT,37.3173161,-121.9499009,,0.001,0.1,273.62778,1607640907432
Fix,GT,37.3173161,-121.9499009,,0.0005673682,0.1,273.62717,1607640908432
Fix,GT,37.3173161,-121.9499009,,0.00043263184,0.1,273.62637,1607640909432
Fix,GT,37.3173161,-121.9499009,,0.001,0.1,273.62564,1607640910432
Fix,GT,37.3173161,-121.9499009,,0.0014326319,0.1,273.6251,1607640911432
Fix,GT,37.3173161,-121.9499009,,0.0026946126,0.1,273.62457,1607640912432
Fix,GT,37.317316,-121.9499009,,0.0038811762,0.1,273.62396,1607640913432
Fix,GT,37.317316,-121.9499015,,0.23595661,0.1,273.6184,1607640914432
Fix,GT,37.3173163,-121.9499112,,1.7470059,0.1,273.47446,1607640915432
Fix,GT,37.3173173,-121.9499466,,4.647904,0.1,272.54352,1607640916432
Fix,GT,37.317317,-121.9500157,,7.6391487,0.1,270.01367,1607640917432
Fix,GT,37.3173127,-121.9501174,,10.592569,0.1,267.04047,1607640918432
Fix,GT,37.3173041,-121.950253,,13.514025,0.1,265.48227,1607640919432
Fix,GT,37.3172926,-121.9504194,,16.065815,0.1,265.02762,1607640920432
Fix,GT,37.3172792,-121.950612,,18.276167,0.1,265.0089,1607640921432
Fix,GT,37.3172638,-121.9508297,,20.492176,0.1,264.94055,1607640922432
Fix,GT,37.3172462,-121.9510716,,22.514603,0.1,264.6979,1607640923432
Fix,GT,37.3172258,-121.9513344,,24.245403,0.1,264.23956,1607640924432
Fix,GT,37.3172016,-121.9516155,,25.850243,0.1,263.49078,1607640925432
Fix,GT,37.3171728,-121.9519127,,27.19117,0.1,262.73825,1607640926432
Fix,GT,37.3171396,-121.9522223,,28.1819,0.1,262.09296,1607640927432
Fix,GT,37.3171029,-121.9525416,,29.0265,0.1,261.51105,1607640928432
Fix,GT,37.3170619,-121.9528694,,29.802673,0.1,260.76874,1607640929432
Fix,GT,37.3170171,-121.9532041,,30.264004,0.1,260.3824,1607640930432
Fix,GT,37.3169717,-121.9535409,,30.159096,0.1,260.4848,1607640931432
Fix,GT,37.316928,-121.9538744,,29.735577,0.1,260.86725,1607640932432
Fix,GT,37.3168871,-121.9542037,,29.364258,0.1,261.36847,1607640933432
Fix,GT,37.3168482,-121.9545301,,29.161625,0.1,261.6123,1607640934432
Fix,GT,37.3168104,-121.9548552,,29.091019,0.1,261.85925,1607640935432
Fix,GT,37.3167745,-121.9551805,,29.150238,0.1,262.43402,1607640936432
Fix,GT,37.316742,-121.9555082,,29.373367,0.1,263.42877,1607640937432
Fix,GT,37.3167141,-121.9558397,,29.710869,0.1,264.36734,1607640938432
Fix,GT,37.3166893,-121.9561755,,30.078894,0.1,264.83655,1607640939432
Fix,GT,37.3166654,-121.9565155,,30.413906,0.1,265.18253,1607640940432
Fix,GT,37.3166441,-121.9568589,,30.59095,0.1,265.869,1607640941432
Fix,GT,37.3166264,-121.9572035,,30.600533,0.1,266.64322,1607640942432
Fix,GT,37.3166122,-121.9575483,,30.6021,0.1,267.40112,1607640943432
Fix,GT,37.3166018,-121.9578935,,30.634672,0.1,268.26373,1607640944432
Fix,GT,37.3165961,-121.9582396,,30.70218,0.1,269.2317,1607640945432
Fix,GT,37.3165944,-121.9585866,,30.794802,0.1,270.01038,1607640946432
Fix,GT,37.3165961,-121.9589346,,30.88102,0.1,270.66675,1607640947432
Fix,GT,37.3166008,-121.9592835,,30.976368,0.1,271.03052,1607640948432
Fix,GT,37.3166067,-121.9596337,,31.100176,0.1,271.0949,1607640949432
Fix,GT,37.3166126,-121.959985,,31.20924,0.1,271.1367,1607640950432
Fix,GT,37.3166182,-121.9603374,,31.29207,0.1,271.12415,1607640951432
Fix,GT,37.3166237,-121.9606907,,31.34586,0.1,271.056,1607640952432
Fix,GT,37.3166289,-121.9610443,,31.34866,0.1,271.03387,1607640953432
Fix,GT,37.3166343,-121.9613975,,31.258865,0.1,271.17953,1607640954432
Fix,GT,37.3166402,-121.9617495,,31.092525,0.1,271.26212,1607640955432
Fix,GT,37.3166462,-121.9620984,,30.744017,0.1,271.1875,1607640956432
Fix,GT,37.3166517,-121.962442,,30.175024,0.1,271.1231,1607640957432
Fix,GT,37.3166563,-121.962779,,29.612316,0.1,270.84436,1607640958432
Fix,GT,37.3166595,-121.9631102,,29.145098,0.1,270.63873,1607640959432
Fix,GT,37.3166624,-121.963437,,28.815144,0.1,270.6721,1607640960432
Fix,GT,37.3166644,-121.9637607,,28.594124,0.1,270.25592,1607640961432
Fix,GT,37.3166633,-121.9640823,,28.444958,0.1,269.38464,1607640962432
Fix,GT,37.3166583,-121.9644023,,28.327116,0.1,268.5176,1607640963432
Fix,GT,37.3166499,-121.9647212,,28.242847,0.1,267.94446,1607640964432
Fix,GT,37.3166399,-121.9650394,,28.234482,0.1,267.68698,1607640965432
Fix,GT,37.3166293,-121.9653582,,28.323315,0.1,267.57605,1607640966432
Fix,GT,37.316619,-121.9656777,,28.317059,0.1,267.6816,1607640967432
Fix,GT,37.316609,-121.9659961,,28.161087,0.1,267.71936,1607640968432
Fix,GT,37.3165988,-121.9663126,,28.004417,0.1,267.5811,1607640969432
Fix,GT,37.3165879,-121.9666275,,27.881325,0.1,267.4903,1607640970432
Fix,GT,37.3165768,-121.9669413,,27.81475,0.1,267.3728,1607640971432
Fix,GT,37.3165655,-121.9672544,,27.762278,0.1,267.4203,1607640972432
Fix,GT,37.3165545,-121.9675664,,27.607815,0.1,267.44748,1607640973432
Fix,GT,37.3165436,-121.9678761,,27.349155,0.1,267.47852,1607640974432
Fix,GT,37.3165342,-121.9681828,,27.02703,0.1,268.06766,1607640975432
Fix,GT,37.3165293,-121.9684859,,26.665428,0.1,269.56805,1607640976432
Fix,GT,37.3165319,-121.9687848,,26.298122,0.1,271.5327,1607640977432
Fix,GT,37.3165418,-121.9690792,,25.915863,0.1,272.98395,1607640978432
Fix,GT,37.3165548,-121.9693672,,25.128803,0.1,273.3517,1607640979432
Fix,GT,37.3165674,-121.9696424,,23.639433,0.1,273.09393,1607640980432
Fix,GT,37.316578,-121.9698997,,22.039984,0.1,272.41452,1607640981432
Fix,GT,37.3165857,-121.9701409,,20.835766,0.1,271.9988,1607640982432
Fix,GT,37.316592,-121.9703715,,20.121567,0.1,271.86517,1607640983432
Fix,GT,37.3165989,-121.9705963,,19.782116,0.1,272.27936,1607640984432
Fix,GT,37.3166077,-121.9708176,,19.496609,0.1,273.1804,1607640985432
Fix,GT,37.3166201,-121.9710356,,19.232483,0.1,274.55386,1607640986432
Fix,GT,37.3166372,-121.9712504,,18.980488,0.1,276.20187,1607640987432
Fix,GT,37.3166586,-121.9714615,,18.731083,0.1,277.6678,1607640988432
Fix,GT,37.3166834,-121.9716696,,18.51038,0.1,278.8407,1607640989432
Fix,GT,37.3167113,-121.9718746,,18.331947,0.1,280.06967,1607640990432
Fix,GT,37.316744,-121.9720769,,18.20748,0.1,282.23096,1607640991432
Fix,GT,37.3167849,-121.9722756,,18.124666,0.1,285.78085,1607640992432
Fix,GT,37.3168361,-121.9724697,,18.044771,0.1,289.5518,1607640993432
Fix,GT,37.3168967,-121.9726594,,18.129288,0.1,292.75882,1607640994432
Fix,GT,37.3169648,-121.9728475,,18.40013,0.1,295.08344,1607640995432
Fix,GT,37.3170378,-121.9730346,,18.393871,0.1,296.41064,1607640996432
Fix,GT,37.3171116,-121.9732179,,17.93172,0.1,296.88638,1607640997432
Fix,GT,37.3171826,-121.9733936,,16.892054,0.1,296.84927,1607640998432
Fix,GT,37.3172478,-121.973555,,15.112374,0.1,296.9191,1607640999432
Fix,GT,37.3173056,-121.9736978,,13.335312,0.1,296.82758,1607641000432
Fix,GT,37.3173559,-121.9738253,,11.930821,0.1,296.69678,1607641001432
Fix,GT,37.3174001,-121.9739389,,10.507783,0.1,296.86197,1607641002432
Fix,GT,37.3174412,-121.9740351,,8.692205,0.1,298.47574,1607641003432
Fix,GT,37.3174805,-121.9741109,,7.1940794,0.1,302.42648,1607641004432
Fix,GT,37.3175195,-121.9741717,,6.5087185,0.1,309.12772,1607641005432
Fix,GT,37.3175627,-121.9742189,,5.9492617,0.1,319.61032,1607641006432
Fix,GT,37.3176094,-121.9742494,,5.4595084,0.1,332.56763,1607641007432
Fix,GT,37.3176547,-121.9742664,,4.8224554,0.1,342.44342,1607641008432
Fix,GT,37.3176926,-121.9742787,,3.800036,0.1,344.85608,1607641009432
Fix,GT,37.3177203,-121.9742887,,2.7093868,0.1,343.9792,1607641010432
Fix,GT,37.3177406,-121.9742961,,2.1039824,0.1,343.27982,1607641011432
Fix,GT,37.3177581,-121.9743027,,2.017039,0.1,343.0313,1607641012432
Fix,GT,37.3177761,-121.9743089,,2.1034012,0.1,343.50717,1607641013432
Fix,GT,37.3177949,-121.974314,,2.0999973,0.1,345.73438,1607641014432
Fix,GT,37.3178145,-121.9743171,,2.2814603,0.1,349.4135,1607641015432
Fix,GT,37.3178388,-121.9743189,,3.168584,0.1,353.53217,1607641016432
Fix,GT,37.3178751,-121.9743179,,4.881113,0.1,359.22913,1607641017432
Fix,GT,37.3179278,-121.9743063,,6.788415,0.1,9.4253235,1607641018432
Fix,GT,37.3179923,-121.9742748,,8.278403,0.1,22.273987,1607641019432
Fix,GT,37.3180602,-121.9742261,,8.796995,0.1,30.39328,1607641020432
Fix,GT,37.3181249,-121.9741727,,8.235085,0.1,33.381104,1607641021432
Fix,GT,37.3181814,-121.9741248,,6.808857,0.1,33.848816,1607641022432
Fix,GT,37.3182261,-121.9740901,,4.9151692,0.1,30.158936,1607641023432
Fix,GT,37.3182601,-121.9740809,,3.4906852,0.1,10.873383,1607641024432
Fix,GT,37.3182824,-121.9741025,,3.2706697,0.1,333.74075,1607641025432
Fix,GT,37.3182855,-121.9741412,,3.7403617,0.1,290.03564,1607641026432
Fix,GT,37.318264,-121.9741786,,4.8481402,0.1,245.48013,1607641027432
Fix,GT,37.3182202,-121.9742101,,6.9404726,0.1,214.90312,1607641028432
Fix,GT,37.3181551,-121.9742506,,9.314888,0.1,207.41167,1607641029432
Fix,GT,37.3180731,-121.9743079,,11.473961,0.1,209.61746,1607641030432
Fix,GT,37.317976,-121.9743785,,13.394377,0.1,210.09839,1607641031432
Fix,GT,37.3178642,-121.9744583,,15.192467,0.1,209.86597,1607641032432
Fix,GT,37.3177408,-121.9745489,,16.364443,0.1,211.03459,1607641033432
Fix,GT,37.317614,-121.9746472,,16.566334,0.1,212.16881,1607641034432
Fix,GT,37.3174893,-121.9747466,,16.240753,0.1,212.6192,1607641035432
Fix,GT,37.3173684,-121.9748443,,15.534029,0.1,213.05885,1607641036432
Fix,GT,37.317257,-121.9749359,,13.823999,0.1,213.48839,1607641037432
Fix,GT,37.3171628,-121.9750144,,11.305746,0.1,213.79588,1607641038432
Fix,GT,37.3170876,-121.9750774,,8.823942,0.1,213.80434,1607641039432
Fix,GT,37.3170305,-121.9751252,,6.399151,0.1,213.70856,1607641040432
Fix,GT,37.3169911,-121.9751583,,4.209473,0.1,213.63988,1607641041432
Fix,GT,37.3169668,-121.9751785,,2.3524659,0.1,213.49721,1607641042432
Fix,GT,37.316955,-121.9751884,,0.8315232,0.1,213.42482,1607641043432
Fix,GT,37.3169518,-121.9751911,,0.095537186,0.1,213.40822,1607641044432
Fix,GT,37.3169518,-121.9751912,,0.0055314517,0.1,213.40784,1607641045432
Fix,GT,37.3169518,-121.9751912,,0.0030130686,0.1,213.40598,1607641046432
Fix,GT,37.3169519,-121.9751912,,0.002236068,0.1,213.4045,1607641047432
Fix,GT,37.3169519,-121.9751912,,0.0034318347,0.1,213.4036,1607641048432
Fix,GT,37.3169519,-121.9751912,,0.0065078456,0.1,213.40285,1607641049432
Fix,GT,37.316952,-121.9751912,,0.010634748,0.1,213.40208,1607641050432
Fix,GT,37.3169521,-121.975191,,0.0162858,0.1,213.40121,1607641051432
Fix,GT,37.3169522,-121.9751909,,0.022769175,0.1,213.40048,1607641052432
Fix,GT,37.3169524,-121.9751907,,0.03012107,0.1,213.39986,1607641053432
Fix,GT,37.3169525,-121.9751905,,0.12826231,0.1,213.39642,1607641054432
Fix,GT,37.3169487,-121.9751933,,1.1730506,0.1,213.28871,1607641055432
Fix,GT,37.316932,-121.9752059,,3.4069664,0.1,212.49655,1607641056432
Fix,GT,37.3168959,-121.9752291,,5.614493,0.1,207.93863,1607641057432
Fix,GT,37.3168412,-121.9752488,,7.123578,0.1,194.93361,1607641058432
Fix,GT,37.3167767,-121.9752442,,7.629027,0.1,172.81009,1607641059432
Fix,GT,37.3167197,-121.975204,,7.6940365,0.1,145.79752,1607641060432
Fix,GT,37.3166799,-121.9751337,,8.388012,0.1,122.533905,1607641061432
Fix,GT,37.3166501,-121.975036,,10.481275,0.1,110.05789,1607641062432
Fix,GT,37.3166202,-121.9749075,,13.248062,0.1,105.916626,1607641063432
Fix,GT,37.3165873,-121.9747513,,15.370054,0.1,104.852325,1607641064432
Fix,GT,37.3165518,-121.9745766,,16.526114,0.1,104.35443,1607641065432
Fix,GT,37.3165152,-121.9743921,,17.176023,0.1,104.041016,1607641066432
Fix,GT,37.3164775,-121.9742004,,17.829414,0.1,104.06769,1607641067432
Fix,GT,37.3164383,-121.9740018,,18.42363,0.1,104.037415,1607641068432
Fix,GT,37.316398,-121.9737971,,18.981766,0.1,103.983185,1607641069432
Fix,GT,37.3163572,-121.9735853,,19.629534,0.1,103.565,1607641070432
Fix,GT,37.3163179,-121.9733669,,20.015156,0.1,102.307526,1607641071432
Fix,GT,37.316283,-121.9731453,,20.074162,0.1,100.39285,1607641072432
Fix,GT,37.3162559,-121.9729203,,20.350748,0.1,97.46146,1607641073432
Fix,GT,37.3162383,-121.97269,,20.74561,0.1,94.570465,1607641074432
Fix,GT,37.3162266,-121.9724541,,21.173447,0.1,93.47711,1607641075432
Fix,GT,37.3162154,-121.972213,,21.645912,0.1,93.66699,1607641076432
Fix,GT,37.3162024,-121.9719665,,22.15975,0.1,94.08707,1607641077432
Fix,GT,37.3161879,-121.9717142,,22.703167,0.1,94.418396,1607641078432
Fix,GT,37.3161718,-121.9714555,,23.314362,0.1,94.67996,1607641079432
Fix,GT,37.3161556,-121.9711896,,23.985165,0.1,94.29901,1607641080432
Fix,GT,37.3161409,-121.9709155,,24.732224,0.1,93.593994,1607641081432
Fix,GT,37.3161295,-121.9706323,,25.559532,0.1,92.48456,1607641082432
Fix,GT,37.3161235,-121.9703392,,26.442043,0.1,90.77515,1607641083432
Fix,GT,37.3161245,-121.9700361,,27.337452,0.1,89.16821,1607641084432
Fix,GT,37.3161311,-121.969723,,28.186066,0.1,88.14581,1607641085432
Fix,GT,37.3161403,-121.9694014,,28.82033,0.1,87.88983,1607641086432
Fix,GT,37.3161499,-121.969074,,29.262243,0.1,87.87659,1607641087432
Fix,GT,37.3161599,-121.9687413,,29.766495,0.1,87.824646,1607641088432
Fix,GT,37.3161705,-121.9684027,,30.305157,0.1,87.72638,1607641089432
Fix,GT,37.3161817,-121.9680581,,30.846035,0.1,87.5986,1607641090432
Fix,GT,37.3161936,-121.9677077,,31.33111,0.1,87.64215,1607641091432
Fix,GT,37.3162049,-121.9673523,,31.680202,0.1,87.76352,1607641092432
Fix,GT,37.3162162,-121.9669942,,31.833996,0.1,87.78171,1607641093432
Fix,GT,37.3162275,-121.9666352,,31.847836,0.1,87.755585,1607641094432
Fix,GT,37.3162388,-121.9662766,,31.758018,0.1,87.75961,1607641095432
Fix,GT,37.3162498,-121.9659191,,31.681938,0.1,87.831085,1607641096432
Fix,GT,37.3162606,-121.9655622,,31.60952,0.1,87.91144,1607641097432
Fix,GT,37.316271,-121.9652071,,31.365723,0.1,87.96149,1607641098432
Fix,GT,37.316281,-121.9648556,,30.974148,0.1,87.98703,1607641099432
Fix,GT,37.3162906,-121.9645086,,30.58208,0.1,88.25546,1607641100432
Fix,GT,37.3162979,-121.9641658,,30.255457,0.1,89.00729,1607641101432
Fix,GT,37.3163012,-121.963825,,30.181318,0.1,89.79047,1607641102432
Fix,GT,37.3163008,-121.9634835,,30.391909,0.1,90.47583,1607641103432
Fix,GT,37.3162977,-121.9631386,,30.74063,0.1,90.9057,1607641104432
Fix,GT,37.316293,-121.9627901,,31.02658,0.1,91.09427,1607641105432
Fix,GT,37.3162872,-121.9624398,,31.084145,0.1,91.16806,1607641106432
Fix,GT,37.3162821,-121.9620893,,31.066015,0.1,91.013916,1607641107432
Fix,GT,37.316278,-121.9617383,,31.181835,0.1,90.86511,1607641108432
Fix,GT,37.3162741,-121.9613857,,31.326002,0.1,90.79654,1607641109432
Fix,GT,37.3162702,-121.9610322,,31.34665,0.1,90.837494,1607641110432
Fix,GT,37.316266,-121.9606792,,31.245686,0.1,90.90457,1607641111432
Fix,GT,37.3162613,-121.9603276,,31.077194,0.1,91.06891,1607641112432
Fix,GT,37.3162561,-121.9599788,,30.754393,0.1,91.13245,1607641113432
Fix,GT,37.3162511,-121.9596339,,30.404324,0.1,91.05066,1607641114432
Fix,GT,37.3162465,-121.9592922,,30.216457,0.1,90.979126,1607641115432
Fix,GT,37.316243,-121.9589512,,30.29476,0.1,90.598724,1607641116432
Fix,GT,37.3162423,-121.9586084,,30.505714,0.1,89.78763,1607641117432
Fix,GT,37.3162456,-121.958263,,30.749321,0.1,89.03177,1607641118432
Fix,GT,37.3162518,-121.9579159,,30.765038,0.1,88.500305,1607641119432
Fix,GT,37.3162608,-121.9575707,,30.444485,0.1,87.86615,1607641120432
Fix,GT,37.316273,-121.9572297,,30.06557,0.1,87.05533,1607641121432
Fix,GT,37.3162889,-121.9568933,,29.696873,0.1,86.3985,1607641122432
Fix,GT,37.3163073,-121.9565612,,29.331852,0.1,85.75552,1607641123432
Fix,GT,37.3163285,-121.9562333,,28.999016,0.1,85.09219,1607641124432
Fix,GT,37.3163519,-121.9559092,,28.70102,0.1,84.80737,1607641125432
Fix,GT,37.3163753,-121.9555885,,28.396095,0.1,84.82855,1607641126432
Fix,GT,37.3163975,-121.9552712,,28.06232,0.1,85.21478,1607641127432
Fix,GT,37.3164163,-121.9549574,,27.69317,0.1,86.30524,1607641128432
Fix,GT,37.3164292,-121.9546474,,27.325054,0.1,87.74225,1607641129432
Fix,GT,37.3164366,-121.9543413,,26.978832,0.1,88.67108,1607641130432
Fix,GT,37.3164414,-121.9540388,,26.658886,0.1,88.739746,1607641131432
Fix,GT,37.3164469,-121.9537412,,25.990196,0.1,88.50778,1607641132432
Fix,GT,37.3164532,-121.953456,,24.409073,0.1,88.39392,1607641133432
Fix,GT,37.3164586,-121.9531931,,22.181442,0.1,88.585815,1607641134432
Fix,GT,37.3164631,-121.9529552,,20.037495,0.1,88.66052,1607641135432
Fix,GT,37.3164669,-121.9527386,,18.493553,0.1,88.650085,1607641136432
Fix,GT,37.3164703,-121.9525352,,17.73474,0.1,88.78009,1607641137432
Fix,GT,37.3164734,-121.9523373,,17.376238,0.1,88.7937,1607641138432
Fix,GT,37.316477,-121.9521438,,16.887411,0.1,88.38489,1607641139432
Fix,GT,37.3164811,-121.9519594,,15.622163,0.1,88.326965,1607641140432
Fix,GT,37.3164833,-121.9517947,,13.428287,0.1,89.82495,1607641141432
Fix,GT,37.3164759,-121.9516573,,11.047533,0.1,97.93509,1607641142432
Fix,GT,37.3164468,-121.9515502,,9.358453,0.1,116.34949,1607641143432
Fix,GT,37.3163918,-121.9514778,,8.788187,0.1,140.83624,1607641144432
Fix,GT,37.3163206,-121.9514392,,8.565324,0.1,160.82526,1607641145432
Fix,GT,37.3162487,-121.9514113,,8.162507,0.1,160.97803,1607641146432
Fix,GT,37.316191,-121.9513656,,7.545211,0.1,142.1878,1607641147432
Fix,GT,37.3161546,-121.9513002,,7.1364923,0.1,120.405334,1607641148432
Fix,GT,37.3161385,-121.951225,,7.1342535,0.1,102.24228,1607641149432
Fix,GT,37.3161356,-121.9511428,,7.735486,0.1,91.70743,1607641150432
Fix,GT,37.3161348,-121.9510515,,8.390977,0.1,91.03766,1607641151432
Fix,GT,37.3161334,-121.9509559,,8.461285,0.1,91.45978,1607641152432
Fix,GT,37.3161316,-121.9508616,,8.206626,0.1,91.84155,1607641153432
Fix,GT,37.3161289,-121.9507726,,7.4412837,0.1,92.56094,1607641154432
Fix,GT,37.3161266,-121.9506966,,5.9883842,0.1,92.29181,1607641155432
Fix,GT,37.3161251,-121.9506384,,4.3558397,0.1,91.93698,1607641156432
Fix,GT,37.3161239,-121.950598,,2.8586507,0.1,92.49332,1607641157432
Fix,GT,37.316123,-121.9505738,,1.485537,0.1,92.68817,1607641158432
Fix,GT,37.3161228,-121.9505639,,0.42513588,0.1,92.72745,1607641159432
Fix,GT,37.3161227,-121.9505622,,0.01167396,0.1,92.724915,1607641160432
Fix,GT,37.3161227,-121.9505621,,0.004567366,0.1,92.72412,1607641161432
Fix,GT,37.3161228,-121.9505621,,0.0038293484,0.1,92.72357,1607641162432
Fix,GT,37.3161228,-121.9505621,,0.0030130667,0.1,92.72327,1607641163432
Fix,GT,37.3161228,-121.9505621,,0.0017013033,0.1,92.722626,1607641164432
Fix,GT,37.3161228,-121.9505621,,0.001,0.1,92.721924,1607641165432
Fix,GT,37.3161228,-121.9505621,,0.001,0.1,92.72116,1607641166432
Fix,GT,37.3161228,-121.9505621,,0.0005673662,0.1,92.72034,1607641167432
Fix,GT,37.3161228,-121.9505621,,0.0,0.1,92.71936,1607641168432
Fix,GT,37.3161228,-121.9505621,,0.0,0.1,92.71854,1607641169432
Fix,GT,37.3161228,-121.9505621,,0.0,0.1,92.717804,1607641170432
Fix,GT,37.3161228,-121.9505621,,0.0006118367,0.1,92.71704,1607641171432
Fix,GT,37.3161228,-121.9505621,,0.0012350108,0.1,92.71625,1607641172432
Fix,GT,37.3161228,-121.9505621,,0.0011792028,0.1,92.715454,1607641173432
Fix,GT,37.3161228,-121.9505621,,0.0012350108,0.1,92.71454,1607641174432
Fix,GT,37.3161228,-121.9505621,,0.00056736614,0.1,92.71399,1607641175432
Fix,GT,37.3161228,-121.9505621,,0.00043263394,0.1,92.71344,1607641176432
Fix,GT,37.3161228,-121.9505621,,0.000567366,0.1,92.712585,1607641177432
Fix,GT,37.3161228,-121.9505621,,0.00061183685,0.1,92.71173,1607641178432
Fix,GT,37.3161228,-121.9505621,,0.0012350107,0.1,92.710846,1607641179432
Fix,GT,37.3161228,-121.9505621,,0.000567366,0.1,92.710144,1607641180432
Fix,GT,37.3161228,-121.9505621,,0.00043263403,0.1,92.70929,1607641181432
Fix,GT,37.3161228,-121.9505621,,0.0011792029,0.1,92.708435,1607641182432
Fix,GT,37.3161228,-121.9505621,,0.0012350108,0.1,92.70734,1607641183432
Fix,GT,37.3161228,-121.9505621,,0.000567366,0.1,92.70618,1607641184432
Fix,GT,37.3161228,-121.9505621,,0.0004326341,0.1,92.70557,1607641185432
Fix,GT,37.3161228,-121.9505621,,0.0011792029,0.1,92.70499,1607641186432
Fix,GT,37.3161228,-121.9505621,,0.0012350107,0.1,92.70441,1607641187432
Fix,GT,37.3161228,-121.9505621,,0.0011792029,0.1,92.703674,1607641188432
Fix,GT,37.3161228,-121.9505621,,0.0014142136,0.1,92.70279,1607641189432
Fix,GT,37.3161228,-121.9505621,,0.00080237654,0.1,92.70203,1607641190432
Fix,GT,37.3161228,-121.9505621,,0.00043263414,0.1,92.70117,1607641191432
Fix,GT,37.3161228,-121.9505621,,0.0011792029,0.1,92.70038,1607641192432
Fix,GT,37.3161228,-121.9505621,,0.0012350107,0.1,92.69977,1607641193432
Fix,GT,37.3161228,-121.9505621,,0.001,0.1,92.699066,1607641194432
Fix,GT,37.3161228,-121.9505621,,0.001,0.1,92.69818,1607641195432
Fix,GT,37.3161228,-121.9505621,,0.00056736585,0.1,92.69708,1607641196432
Fix,GT,37.3161228,-121.9505621,,0.0004326342,0.1,92.69635,1607641197432
Fix,GT,37.3161228,-121.9505621,,0.001,0.1,92.69577,1607641198432
Fix,GT,37.3161228,-121.9505621,,0.0011792029,0.1,92.69507,1607641199432
Fix,GT,37.3161228,-121.9505621,,0.0014142136,0.1,92.69394,1607641200432
Fix,GT,37.3161228,-121.9505621,,0.0012350106,0.1,92.69293,1607641201432
Fix,GT,37.3161228,-121.9505621,,0.001,0.1,92.69208,1607641202432
Fix,GT,37.3161228,-121.9505621,,0.0005673658,0.1,92.691315,1607641203432
Fix,GT,37.3161228,-121.9505621,,0.00043263426,0.1,92.690704,1607641204432
Fix,GT,37.3161228,-121.9505621,,0.0011792029,0.1,92.68994,1607641205432
Fix,GT,37.3161228,-121.9505621,,0.0014142136,0.1,92.68906,1607641206432
Fix,GT,37.3161228,-121.9505621,,0.0014142136,0.1,92.6882,1607641207432
Fix,GT,37.3161228,-121.9505621,,0.0012350107,0.1,92.68744,1607641208432
Fix,GT,37.3161228,-121.9505621,,0.001,0.1,92.6868,1607641209432
Fix,GT,37.3161228,-121.9505621,,0.001,0.1,92.68622,1607641210432
Fix,GT,37.3161228,-121.9505621,,0.001,0.1,92.68561,1607641211432
Fix,GT,37.3161228,-121.9505621,,0.0011792029,0.1,92.684814,1607641212432
Fix,GT,37.3161228,-121.9505621,,0.001769776,0.1,92.68393,1607641213432
Fix,GT,37.3161228,-121.9505621,,0.002236068,0.1,92.683105,1607641214432
Fix,GT,37.3161228,-121.9505621,,0.002492343,0.1,92.68222,1607641215432
Fix,GT,37.3161228,-121.9505621,,0.0028284271,0.1,92.681366,1607641216432
Fix,GT,37.3161228,-121.9505621,,0.0031646378,0.1,92.68063,1607641217432
Fix,GT,37.3161228,-121.9505621,,0.0039804657,0.1,92.680115,1607641218432
Fix,GT,37.3161228,-121.9505621,,0.004472136,0.1,92.67938,1607641219432
Fix,GT,37.3161228,-121.9505621,,0.0044721356,0.1,92.67847,1607641220432
Fix,GT,37.3161228,-121.9505621,,0.0044721356,0.1,92.677734,1607641221432
Fix,GT,37.3161228,-121.9505621,,0.0043211333,0.1,92.677124,1607641222432
Fix,GT,37.3161228,-121.9505621,,0.0037074182,0.1,92.67636,1607641223432
Fix,GT,37.3161228,-121.9505621,,0.0022268018,0.1,92.67554,1607641224432
Fix,GT,37.3161228,-121.950562,,0.0014326345,0.1,92.67474,1607641225432
Fix,GT,37.3161227,-121.950562,,0.0029702436,0.1,92.67383,1607641226432
Fix,GT,37.3161227,-121.950562,,0.006733473,0.1,92.67322,1607641227432
Fix,GT,37.3161228,-121.9505614,,0.20217024,0.1,92.66962,1607641228432
Fix,GT,37.3161227,-121.9505566,,0.7460394,0.1,92.65286,1607641229432
Fix,GT,37.3161223,-121.9505447,,1.3262496,0.1,92.618805,1607641230432
Fix,GT,37.3161218,-121.9505269,,1.8826966,0.1,92.614685,1607641231432
Fix,GT,37.3161208,-121.9505005,,2.958599,0.1,93.02261,1607641232432
Fix,GT,37.316119,-121.950458,,4.7009315,0.1,93.3006,1607641233432
Fix,GT,37.3161182,-121.9503937,,6.602687,0.1,90.84314,1607641234432
Fix,GT,37.3161237,-121.9503126,,7.687084,0.1,83.677185,1607641235432
Fix,GT,37.3161426,-121.9502324,,7.2928867,0.1,70.61011,1607641236432
Fix,GT,37.316176,-121.9501695,,6.423689,0.1,53.220337,1607641237432
Fix,GT,37.3162195,-121.9501306,,5.878057,0.1,32.591003,1607641238432
Fix,GT,37.3162689,-121.9501169,,5.9589386,0.1,11.304993,1607641239432
Fix,GT,37.3163255,-121.9501173,,6.88177,0.1,0.72387695,1607641240432
Fix,GT,37.3163926,-121.9501185,,7.9818625,0.1,359.76987,1607641241432
Fix,GT,37.3164673,-121.9501194,,8.525031,0.1,359.85858,1607641242432
Fix,GT,37.3165439,-121.9501204,,8.4362135,0.1,359.67117,1607641243432
Fix,GT,37.3166184,-121.9501217,,8.017934,0.1,359.51126,1607641244432
Fix,GT,37.3166866,-121.9501226,,7.0081983,0.1,359.68466,1607641245432
Fix,GT,37.3167434,-121.9501231,,5.538517,0.1,359.85107,1607641246432
Fix,GT,37.3167863,-121.9501234,,4.001849,0.1,359.84314,1607641247432
Fix,GT,37.3168166,-121.9501238,,2.7785668,0.1,359.7954,1607641248432
Fix,GT,37.3168368,-121.9501238,,1.6899393,0.1,359.84882,1607641249432
Fix,GT,37.3168465,-121.9501239,,0.5517635,0.1,359.87415,1607641250432
Fix,GT,37.3168482,-121.9501239,,0.011747342,0.1,359.8772,1607641251432
Fix,GT,37.3168483,-121.9501239,,0.002236068,0.1,359.87686,1607641252432
Fix,GT,37.3168483,-121.9501239,,0.002492343,0.1,359.87506,1607641253432
Fix,GT,37.3168483,-121.9501238,,0.0029728625,0.1,359.87442,1607641254432
Fix,GT,37.3168483,-121.9501238,,0.0031622774,0.1,359.87387,1607641255432
Fix,GT,37.3168483,-121.9501238,,0.0030920706,0.1,359.87323,1607641256432
Fix,GT,37.3168483,-121.9501237,,0.003,0.1,359.8726,1607641257432
Fix,GT,37.3168483,-121.9501237,,0.0034326348,0.1,359.87167,1607641258432
Fix,GT,37.3168483,-121.9501237,,0.0035673655,0.1,359.87073,1607641259432
Fix,GT,37.3168483,-121.9501237,,0.0026694965,0.1,359.87024,1607641260432
Fix,GT,37.3168483,-121.9501237,,0.002236068,0.1,359.86972,1607641261432
Fix,GT,37.3168483,-121.9501237,,0.0026367784,0.1,359.86905,1607641262432
Fix,GT,37.3168483,-121.9501237,,0.002761567,0.1,359.86835,1607641263432
Fix,GT,37.3168483,-121.9501237,,0.002236068,0.1,359.86758,1607641264432
Fix,GT,37.3168483,-121.9501237,,0.0021339369,0.1,359.86697,1607641265432
Fix,GT,37.3168483,-121.9501237,,0.002,0.1,359.8664,1607641266432
Fix,GT,37.3168483,-121.9501237,,0.0021021313,0.1,359.86588,1607641267432
Fix,GT,37.3168483,-121.9501237,,0.0021339369,0.1,359.86517,1607641268432
Fix,GT,37.3168483,-121.9501237,,0.002,0.1,359.86447,1607641269432
Fix,GT,37.3168483,-121.9501237,,0.0021021313,0.1,359.86392,1607641270432
Fix,GT,37.3168483,-121.9501237,,0.0021339369,0.1,359.86328,1607641271432
Fix,GT,37.3168483,-121.9501237,,0.0021021313,0.1,359.86252,1607641272432
Fix,GT,37.3168483,-121.9501237,,0.0026367786,0.1,359.86182,1607641273432
Fix,GT,37.3168483,-121.9501237,,0.0031622776,0.1,359.86124,1607641274432
Fix,GT,37.3168483,-121.9501237,,0.003354053,0.1,359.86057,1607641275432
Fix,GT,37.3168483,-121.9501237,,0.0036055513,0.1,359.85992,1607641276432
Fix,GT,37.3168483,-121.9501237,,0.004208838,0.1,359.85916,1607641277432
Fix,GT,37.3168483,-121.9501237,,0.00467234,0.1,359.8583,1607641278432
Fix,GT,37.3168483,-121.9501237,,0.0043419283,0.1,359.85767,1607641279432
Fix,GT,37.3168483,-121.9501237,,0.004372848,0.1,359.8571,1607641280432
Fix,GT,37.3168483,-121.9501236,,0.0045703,0.1,359.8565,1607641281432
Fix,GT,37.3168484,-121.9501236,,0.005,0.1,359.85568,1607641282432
Fix,GT,37.3168485,-121.9501236,,0.045254894,0.1,359.85577,1607641283432
Fix,GT,37.3168492,-121.9501235,,0.12269181,0.1,359.8561,1607641284432
Fix,GT,37.3168509,-121.9501235,,0.20476753,0.1,359.85587,1607641285432
Fix,GT,37.3168531,-121.9501234,,0.25054476,0.1,359.8551,1607641286432
Fix,GT,37.3168551,-121.9501234,,0.19083282,0.1,359.85126,1607641287432
Fix,GT,37.3168565,-121.9501234,,0.107939646,0.1,359.84802,1607641288432
Fix,GT,37.3168574,-121.9501233,,0.14929163,0.1,359.84717,1607641289432
Fix,GT,37.3168597,-121.9501233,,0.398793,0.1,359.84323,1607641290432
Fix,GT,37.3168651,-121.9501235,,0.8082585,0.1,359.827,1607641291432
Fix,GT,37.3168748,-121.9501235,,1.4188118,0.1,359.7328,1607641292432
Fix,GT,37.3168916,-121.9501236,,2.435336,0.1,359.88312,1607641293432
Fix,GT,37.3169207,-121.9501234,,4.113877,0.1,0.38729858,1607641294432
Fix,GT,37.3169661,-121.9501227,,5.767981,0.1,0.62542725,1607641295432
Fix,GT,37.3170222,-121.9501221,,6.4532495,0.1,0.77615356,1607641296432
Fix,GT,37.3170799,-121.9501213,,6.314922,0.1,0.79177856,1607641297432
Fix,GT,37.3171355,-121.9501227,,6.052015,0.1,358.22623,1607641298432
Fix,GT,37.317188,-121.9501363,,6.14818,0.1,346.3981,1607641299432
Fix,GT,37.3172347,-121.9501746,,6.803382,0.1,324.42755,1607641300432
Fix,GT,37.3172679,-121.9502401,,7.5722327,0.1,299.01627,1607641301432
Fix,GT,37.3172785,-121.950326,,8.507193,0.1,275.97452,1607641302432
Fix,GT,37.3172722,-121.9504282,,9.956882,0.1,264.796,1607641303432
Fix,GT,37.3172608,-121.9505496,,11.816352,0.1,263.67523,1607641304432
Fix,GT,37.3172477,-121.9506933,,14.024326,0.1,263.92157,1607641305432
Fix,GT,37.3172328,-121.9508634,,16.268116,0.1,264.0723,1607641306432
Fix,GT,37.3172167,-121.9510549,,17.4263,0.1,264.18323,1607641307432
Fix,GT,37.3172002,-121.9512516,,17.67979,0.1,264.08722,1607641308432
Fix,GT,37.3171828,-121.9514536,,18.538433,0.1,263.8461,1607641309432
Fix,GT,37.3171634,-121.9516686,,20.01233,0.1,263.53094,1607641310432
Fix,GT,37.3171406,-121.9519025,,21.90343,0.1,262.87616,1607641311432
Fix,GT,37.317113,-121.95216,,24.15452,0.1,262.17245,1607641312432
Fix,GT,37.3170805,-121.9524425,,26.483799,0.1,261.68018,1607641313432
Fix,GT,37.3170435,-121.9527511,,28.82758,0.1,261.5661,1607641314432
Fix,GT,37.3170042,-121.9530853,,31.00526,0.1,261.86566,1607641315432
Fix,GT,37.3169647,-121.9534397,,32.220722,0.1,262.27655,1607641316432
Fix,GT,37.3169263,-121.9538007,,32.14425,0.1,262.44983,1607641317432
Fix,GT,37.316888,-121.954158,,31.73409,0.1,262.24518,1607641318432
Fix,GT,37.3168494,-121.95451,,31.265636,0.1,262.09344,1607641319432
Fix,GT,37.3168112,-121.9548569,,30.822647,0.1,262.13538,1607641320432
Fix,GT,37.3167739,-121.9551991,,30.39883,0.1,262.5008,1607641321432
Fix,GT,37.3167405,-121.9555373,,29.99625,0.1,263.35858,1607641322432
Fix,GT,37.3167113,-121.9558716,,29.629313,0.1,263.87784,1607641323432
Fix,GT,37.3166823,-121.9562018,,29.27078,0.1,263.54163,1607641324432
Fix,GT,37.3166522,-121.9565277,,28.914537,0.1,263.376,1607641325432
Fix,GT,37.3166239,-121.9568501,,28.58849,0.1,264.24567,1607641326432
Fix,GT,37.3166011,-121.9571698,,28.332787,0.1,265.66788,1607641327432
Fix,GT,37.3165848,-121.957488,,28.186295,0.1,266.97153,1607641328432
Fix,GT,37.3165738,-121.9578053,,28.123074,0.1,267.89233,1607641329432
Fix,GT,37.3165663,-121.9581217,,27.977215,0.1,268.67188,1607641330432
Fix,GT,37.3165622,-121.9584362,,27.805054,0.1,269.44016,1607641331432
Fix,GT,37.3165613,-121.9587498,,27.853413,0.1,270.08408,1607641332432
Fix,GT,37.3165629,-121.9590654,,28.12077,0.1,270.67862,1607641333432
Fix,GT,37.3165668,-121.9593849,,28.533447,0.1,271.08563,1607641334432
Fix,GT,37.3165723,-121.9597094,,29.02881,0.1,271.26547,1607641335432
Fix,GT,37.3165784,-121.9600398,,29.571297,0.1,271.35226,1607641336432
Fix,GT,37.3165846,-121.9603767,,30.180847,0.1,271.18817,1607641337432
Fix,GT,37.3165902,-121.960721,,30.835054,0.1,271.109,1607641338432
Fix,GT,37.3165958,-121.961072,,31.356499,0.1,271.04544,1607641339432
Fix,GT,37.316601,-121.9614278,,31.649488,0.1,271.01804,1607641340432
Fix,GT,37.3166063,-121.9617855,,31.683002,0.1,271.05386,1607641341432
Fix,GT,37.3166118,-121.9621419,,31.414955,0.1,271.0784,1607641342432
Fix,GT,37.316617,-121.9624935,,30.879934,0.1,271.06317,1607641343432
Fix,GT,37.3166218,-121.9628389,,30.334154,0.1,271.02753,1607641344432
Fix,GT,37.3166265,-121.9631784,,29.841671,0.1,270.94916,1607641345432
Fix,GT,37.3166301,-121.9635127,,29.405224,0.1,270.52542,1607641346432
Fix,GT,37.3166306,-121.9638419,,29.01001,0.1,269.73676,1607641347432
Fix,GT,37.3166274,-121.9641666,,28.673008,0.1,268.99103,1607641348432
Fix,GT,37.3166212,-121.9644879,,28.379045,0.1,268.3071,1607641349432
Fix,GT,37.3166124,-121.9648067,,28.225384,0.1,267.8397,1607641350432
Fix,GT,37.3166022,-121.9651257,,28.4328,0.1,267.66763,1607641351432
Fix,GT,37.3165921,-121.9654489,,28.926579,0.1,267.80612,1607641352432
Fix,GT,37.3165823,-121.9657769,,29.244576,0.1,267.82532,1607641353432
Fix,GT,37.3165721,-121.9661077,,29.528358,0.1,267.62408,1607641354432
Fix,GT,37.3165602,-121.9664443,,30.30379,0.1,267.3109,1607641355432
Fix,GT,37.3165472,-121.9667916,,31.317442,0.1,267.27844,1607641356432
Fix,GT,37.3165347,-121.9671499,,32.182327,0.1,267.69785,1607641357432
Fix,GT,37.316525,-121.9675151,,32.492596,0.1,268.64844,1607641358432
Fix,GT,37.3165213,-121.9678805,,32.25106,0.1,269.9151,1607641359432
Fix,GT,37.316523,-121.9682426,,31.89967,0.1,270.5916,1607641360432
Fix,GT,37.3165275,-121.9686003,,31.49461,0.1,271.21976,1607641361432
Fix,GT,37.3165364,-121.9689531,,31.075119,0.1,272.37592,1607641362432
Fix,GT,37.3165506,-121.969301,,30.66296,0.1,273.31577,1607641363432
Fix,GT,37.3165671,-121.9696441,,30.265589,0.1,273.1556,1607641364432
Fix,GT,37.3165812,-121.9699829,,29.884624,0.1,272.2479,1607641365432
Fix,GT,37.3165918,-121.9703177,,29.488441,0.1,271.9555,1607641366432
Fix,GT,37.3166024,-121.9706464,,28.835796,0.1,272.69498,1607641367432
Fix,GT,37.3166185,-121.9709672,,28.182617,0.1,274.42133,1607641368432
Fix,GT,37.3166432,-121.971282,,27.908352,0.1,276.46976,1607641369432
Fix,GT,37.3166765,-121.9715926,,27.620329,0.1,278.51154,1607641370432
Fix,GT,37.3167183,-121.9718968,,27.074623,0.1,280.98056,1607641371432
Fix,GT,37.3167718,-121.9721914,,26.517927,0.1,284.67657,1607641372432
Fix,GT,37.3168418,-121.9724765,,26.375492,0.1,289.20035,1607641373432
Fix,GT,37.3169291,-121.9727521,,26.180717,0.1,293.56934,1607641374432
Fix,GT,37.3170296,-121.9730172,,25.827332,0.1,296.4875,1607641375432
Fix,GT,37.317135,-121.9732737,,25.235926,0.1,297.3213,1607641376432
Fix,GT,37.3172367,-121.9735211,,23.855457,0.1,296.94107,1607641377432
Fix,GT,37.3173285,-121.9737485,,21.060638,0.1,296.45737,1607641378432
Fix,GT,37.3174059,-121.9739417,,17.188032,0.1,296.9071,1607641379432
Fix,GT,37.3174729,-121.9740907,,13.144205,0.1,302.52344,1607641380432
Fix,GT,37.3175384,-121.9741907,,9.99128,0.1,315.12585,1607641381432
Fix,GT,37.317604,-121.9742478,,7.8416185,0.1,330.01468,1607641382432
Fix,GT,37.3176616,-121.9742743,,5.7278585,0.1,342.6814,1607641383432
Fix,GT,37.3177025,-121.9742847,,3.4610991,0.1,348.4329,1607641384432
Fix,GT,37.3177241,-121.9742897,,1.5173148,0.1,348.87308,1607641385432
Fix,GT,37.3177319,-121.9742914,,0.38653126,0.1,348.95786,1607641386432
Fix,GT,37.3177334,-121.9742916,,0.031660177,0.1,348.94403,1607641387432
Fix,GT,37.3177337,-121.9742916,,0.028313763,0.1,348.9428,1607641388432
Fix,GT,37.3177338,-121.9742915,,0.022264462,0.1,348.94147,1607641389432
Fix,GT,37.317734,-121.9742915,,0.027189597,0.1,348.9323,1607641390432
Fix,GT,37.3177345,-121.9742916,,0.08707654,0.1,348.88565,1607641391432
Fix,GT,37.3177357,-121.974292,,0.21118826,0.1,348.64807,1607641392432
Fix,GT,37.3177384,-121.9742933,,0.4734329,0.1,347.2785,1607641393432
Fix,GT,37.3177437,-121.9742971,,0.88412476,0.1,342.9926,1607641394432
Fix,GT,37.3177516,-121.9743049,,1.3727882,0.1,334.91702,1607641395432
Fix,GT,37.3177615,-121.9743189,,1.9744728,0.1,322.78836,1607641396432
Fix,GT,37.3177728,-121.9743405,,2.6620095,0.1,310.13513,1607641397432
Fix,GT,37.3177892,-121.9743679,,3.4072998,0.1,308.04254,1607641398432
Fix,GT,37.3178167,-121.9743906,,3.6515424,0.1,324.5108,1607641399432
Fix,GT,37.3178487,-121.9743957,,3.1941752,0.1,349.63104,1607641400432
Fix,GT,37.3178747,-121.9743868,,2.5403311,0.1,9.641571,1607641401432
Fix,GT,37.317892,-121.9743736,,1.6530477,0.1,23.78543,1607641402432
Fix,GT,37.3178999,-121.9743652,,0.5844905,0.1,29.98059,1607641403432
Fix,GT,37.3179014,-121.9743634,,0.06697714,0.1,30.514465,1607641404432
Fix,GT,37.3179016,-121.9743629,,0.045515142,0.1,30.51297,1607641405432
Fix,GT,37.3179018,-121.9743625,,0.03826291,0.1,30.51065,1607641406432
Fix,GT,37.317902,-121.9743622,,0.03180822,0.1,30.509369,1607641407432
Fix,GT,37.3179021,-121.9743619,,0.025416858,0.1,30.5083,1607641408432
Fix,GT,37.3179023,-121.9743617,,0.019369723,0.1,30.507263,1607641409432
Fix,GT,37.3179024,-121.9743616,,0.014238276,0.1,30.506073,1607641410432
Fix,GT,37.3179025,-121.9743615,,0.009956971,0.1,30.504913,1607641411432
Fix,GT,37.3179026,-121.9743614,,0.006509044,0.1,30.503784,1607641412432
Fix,GT,37.3179027,-121.9743614,,0.0031491707,0.1,30.502533,1607641413432
Fix,GT,37.3179027,-121.9743613,,0.002586176,0.1,30.501526,1607641414432
Fix,GT,37.3179028,-121.9743613,,0.005906907,0.1,30.500519,1607641415432
Fix,GT,37.3179028,-121.9743612,,0.009611411,0.1,30.499298,1607641416432
Fix,GT,37.3179028,-121.9743612,,0.011247566,0.1,30.499573,1607641417432
Fix,GT,37.3179038,-121.9743604,,0.2988271,0.1,30.549622,1607641418432
Fix,GT,37.3179085,-121.9743569,,0.9753845,0.1,30.609192,1607641419432
Fix,GT,37.317919,-121.9743488,,1.7459621,0.1,30.929474,1607641420432
Fix,GT,37.3179355,-121.9743354,,2.6391578,0.1,31.952454,1607641421432
Fix,GT,37.3179592,-121.9743155,,3.6934252,0.1,33.175537,1607641422432
Fix,GT,37.3179917,-121.9742877,,5.0220547,0.1,33.873444,1607641423432
Fix,GT,37.3180343,-121.9742516,,6.2720804,0.1,33.951477,1607641424432
Fix,GT,37.3180838,-121.9742095,,6.82238,0.1,34.00882,1607641425432
Fix,GT,37.3181343,-121.9741657,,6.7681904,0.1,34.513702,1607641426432
Fix,GT,37.3181831,-121.9741227,,6.3319654,0.1,34.87497,1607641427432
Fix,GT,37.3182269,-121.9740883,,5.096276,0.1,29.793823,1607641428432
Fix,GT,37.3182636,-121.9740803,,3.774263,0.1,6.563202,1607641429432
Fix,GT,37.3182859,-121.9741049,,3.3797278,0.1,326.44565,1607641430432
Fix,GT,37.3182867,-121.974144,,3.6487303,0.1,282.96143,1607641431432
Fix,GT,37.3182645,-121.9741786,,4.4494658,0.1,241.45763,1607641432432
Fix,GT,37.3182249,-121.9742064,,5.925022,0.1,214.46964,1607641433432
Fix,GT,37.318169,-121.9742403,,7.98131,0.1,207.1178,1607641434432
Fix,GT,37.3180962,-121.9742903,,10.442713,0.1,209.52037,1607641435432
Fix,GT,37.3180073,-121.9743586,,12.626553,0.1,212.13318,1607641436432
Fix,GT,37.3179033,-121.9744405,,14.581993,0.1,211.98068,1607641437432
Fix,GT,37.3177854,-121.9745294,,15.874468,0.1,210.78857,1607641438432
Fix,GT,37.3176611,-121.9746208,,15.981366,0.1,210.55988,1607641439432
Fix,GT,37.3175384,-121.9747129,,15.764977,0.1,211.43794,1607641440432
Fix,GT,37.3174192,-121.9748063,,15.425184,0.1,212.53622,1607641441432
Fix,GT,37.3173054,-121.9748983,,14.512679,0.1,213.1421,1607641442432
Fix,GT,37.3172026,-121.974983,,12.667231,0.1,213.54962,1607641443432
Fix,GT,37.3171162,-121.9750552,,10.379542,0.1,213.80795,1607641444432
Fix,GT,37.3170476,-121.9751127,,7.919308,0.1,213.70778,1607641445432
Fix,GT,37.3169978,-121.9751542,,5.359482,0.1,213.67339,1607641446432
Fix,GT,37.3169664,-121.9751804,,3.0854688,0.1,213.77017,1607641447432
Fix,GT,37.3169509,-121.9751935,,1.1280283,0.1,213.69939,1607641448432
Fix,GT,37.3169467,-121.975197,,0.044259172,0.1,213.61931,1607641449432
Fix,GT,37.3169468,-121.975197,,0.0056188237,0.1,213.61917,1607641450432
Fix,GT,37.3169468,-121.9751971,,0.003,0.1,213.61624,1607641451432
Fix,GT,37.3169468,-121.9751971,,0.0026694958,0.1,213.61507,1607641452432
Fix,GT,37.3169468,-121.9751972,,0.002236068,0.1,213.61417,1607641453432
Fix,GT,37.3169468,-121.9751972,,0.0025665725,0.1,213.61319,1607641454432
Fix,GT,37.3169468,-121.9751973,,0.0034326361,0.1,213.61215,1607641455432
Fix,GT,37.3169467,-121.9751973,,0.0044754753,0.1,213.61108,1607641456432
Fix,GT,37.3169467,-121.9751973,,0.006187858,0.1,213.61032,1607641457432
Fix,GT,37.3169467,-121.9751974,,0.008402396,0.1,213.60954,1607641458432
Fix,GT,37.3169468,-121.9751974,,0.010633497,0.1,213.60855,1607641459432
Fix,GT,37.3169468,-121.9751974,,0.014021318,0.1,213.60745,1607641460432
Fix,GT,37.3169468,-121.9751974,,0.018224481,0.1,213.60638,1607641461432
Fix,GT,37.3169469,-121.9751974,,0.023118429,0.1,213.60548,1607641462432
Fix,GT,37.316947,-121.9751973,,0.02882995,0.1,213.60461,1607641463432
Fix,GT,37.3169471,-121.9751972,,0.035394073,0.1,213.60376,1607641464432
Fix,GT,37.3169473,-121.975197,,0.043203246,0.1,213.6027,1607641465432
Fix,GT,37.3169474,-121.9751967,,0.07060197,0.1,213.6029,1607641466432
Fix,GT,37.3169451,-121.9751984,,0.83580804,0.1,213.60803,1607641467432
Fix,GT,37.3169324,-121.9752086,,2.6319175,0.1,213.3923,1607641468432
Fix,GT,37.316905,-121.9752282,,4.2338457,0.1,210.56236,1607641469432
Fix,GT,37.3168637,-121.9752477,,5.688548,0.1,201.23354,1607641470432
Fix,GT,37.3168081,-121.9752529,,6.9195476,0.1,182.90636,1607641471432
Fix,GT,37.3167492,-121.9752275,,7.4624586,0.1,157.31671,1607641472432
Fix,GT,37.3167009,-121.9751666,,8.5131855,0.1,131.92792,1607641473432
Fix,GT,37.3166635,-121.9750747,,10.108633,0.1,115.07486,1607641474432
Fix,GT,37.3166324,-121.974959,,11.5891,0.1,107.99094,1607641475432
Fix,GT,37.3166033,-121.9748262,,12.849944,0.1,105.03757,1607641476432
Fix,GT,37.3165736,-121.9746794,,14.069996,0.1,104.24432,1607641477432
Fix,GT,37.3165418,-121.9745184,,15.39054,0.1,103.95175,1607641478432
Fix,GT,37.3165072,-121.9743423,,16.776255,0.1,104.06653,1607641479432
Fix,GT,37.3164689,-121.9741515,,18.04433,0.1,104.37604,1607641480432
Fix,GT,37.3164279,-121.9739487,,18.940712,0.1,104.31549,1607641481432
Fix,GT,37.3163859,-121.9737385,,19.469015,0.1,104.16867,1607641482432
Fix,GT,37.3163438,-121.9735224,,20.001152,0.1,103.64624,1607641483432
Fix,GT,37.3163039,-121.973299,,20.61562,0.1,102.01254,1607641484432
Fix,GT,37.3162706,-121.9730672,,21.215326,0.1,99.00168,1607641485432
Fix,GT,37.3162473,-121.9728262,,21.938988,0.1,95.84723,1607641486432
Fix,GT,37.3162315,-121.9725744,,22.871403,0.1,94.03769,1607641487432
Fix,GT,37.3162185,-121.9723121,,23.696503,0.1,93.39282,1607641488432
Fix,GT,37.3162064,-121.9720427,,24.084496,0.1,93.47717,1607641489432
Fix,GT,37.3161927,-121.9717723,,23.879982,0.1,94.18649,1607641490432
Fix,GT,37.3161772,-121.9715054,,23.576649,0.1,94.22879,1607641491432
Fix,GT,37.3161639,-121.9712415,,23.333157,0.1,93.0845,1607641492432
Fix,GT,37.3161561,-121.970979,,23.333042,0.1,91.50781,1607641493432
Fix,GT,37.3161532,-121.9707138,,23.759075,0.1,90.52716,1607641494432
Fix,GT,37.3161528,-121.9704422,,24.395782,0.1,90.061646,1607641495432
Fix,GT,37.3161543,-121.9701635,,25.037876,0.1,89.36975,1607641496432
Fix,GT,37.3161593,-121.9698788,,25.431953,0.1,88.411804,1607641497432
Fix,GT,37.316167,-121.9695919,,25.407187,0.1,88.03247,1607641498432
Fix,GT,37.3161751,-121.9693058,,25.364437,0.1,88.00061,1607641499432
Fix,GT,37.3161835,-121.9690192,,25.49454,0.1,87.833496,1607641500432
Fix,GT,37.3161928,-121.9687306,,25.71265,0.1,87.66547,1607641501432
Fix,GT,37.3162021,-121.9684397,,25.909721,0.1,87.79611,1607641502432
Fix,GT,37.316211,-121.9681467,,26.061724,0.1,87.78696,1607641503432
Fix,GT,37.3162208,-121.9678522,,26.154514,0.1,87.60516,1607641504432
Fix,GT,37.3162308,-121.967558,,25.996895,0.1,87.66272,1607641505432
Fix,GT,37.3162401,-121.9672672,,25.58776,0.1,87.749725,1607641506432
Fix,GT,37.3162489,-121.9669814,,25.105312,0.1,87.8147,1607641507432
Fix,GT,37.3162573,-121.9667013,,24.596199,0.1,87.87433,1607641508432
Fix,GT,37.3162657,-121.9664269,,24.093185,0.1,87.77362,1607641509432
Fix,GT,37.3162742,-121.9661578,,23.659344,0.1,87.76526,1607641510432
Fix,GT,37.3162826,-121.9658928,,23.374727,0.1,87.79605,1607641511432
Fix,GT,37.3162909,-121.9656303,,23.205517,0.1,87.74609,1607641512432
Fix,GT,37.3162993,-121.9653695,,23.064709,0.1,87.68155,1607641513432
Fix,GT,37.3163079,-121.9651105,,22.864653,0.1,87.73947,1607641514432
Fix,GT,37.3163155,-121.9648543,,22.571049,0.1,88.02023,1607641515432
Fix,GT,37.3163224,-121.9646014,,22.32985,0.1,88.11246,1607641516432
Fix,GT,37.3163288,-121.9643498,,22.329445,0.1,88.27573,1607641517432
Fix,GT,37.316334,-121.9640967,,22.569538,0.1,88.859985,1607641518432
Fix,GT,37.3163367,-121.9638402,,22.90718,0.1,89.655396,1607641519432
Fix,GT,37.3163365,-121.9635792,,23.358744,0.1,90.38846,1607641520432
Fix,GT,37.3163341,-121.9633123,,23.946533,0.1,90.84363,1607641521432
Fix,GT,37.3163304,-121.963039,,24.444357,0.1,91.120605,1607641522432
Fix,GT,37.3163262,-121.9627621,,24.57058,0.1,91.075134,1607641523432
Fix,GT,37.3163222,-121.9624855,,24.479267,0.1,90.954956,1607641524432
Fix,GT,37.3163186,-121.96221,,24.376896,0.1,90.99133,1607641525432
Fix,GT,37.3163147,-121.9619354,,24.308847,0.1,91.11578,1607641526432
Fix,GT,37.3163105,-121.9616614,,24.264109,0.1,91.115906,1607641527432
Fix,GT,37.3163064,-121.9613876,,24.284994,0.1,90.93042,1607641528432
Fix,GT,37.3163032,-121.9611135,,24.309555,0.1,90.87964,1607641529432
Fix,GT,37.3162996,-121.9608397,,24.223064,0.1,90.942566,1607641530432
Fix,GT,37.316296,-121.9605673,,24.074043,0.1,90.95111,1607641531432
Fix,GT,37.3162927,-121.9602968,,23.89865,0.1,90.84866,1607641532432
Fix,GT,37.3162897,-121.9600283,,23.716635,0.1,90.86902,1607641533432
Fix,GT,37.3162863,-121.959762,,23.488377,0.1,90.957,1607641534432
Fix,GT,37.3162829,-121.9594979,,23.392002,0.1,90.98566,1607641535432
Fix,GT,37.3162784,-121.9592326,,23.703228,0.1,91.515686,1607641536432
Fix,GT,37.3162705,-121.9589611,,24.504105,0.1,92.54199,1607641537432
Fix,GT,37.3162598,-121.9586785,,25.66703,0.1,92.7193,1607641538432
Fix,GT,37.3162512,-121.9583832,,26.69069,0.1,91.4144,1607641539432
Fix,GT,37.3162497,-121.9580776,,27.420021,0.1,89.58734,1607641540432
Fix,GT,37.3162546,-121.9577649,,28.042208,0.1,88.37146,1607641541432
Fix,GT,37.316264,-121.9574454,,28.616062,0.1,87.579254,1607641542432
Fix,GT,37.3162768,-121.9571215,,28.836138,0.1,86.870575,1607641543432
Fix,GT,37.3162929,-121.9567981,,28.573097,0.1,86.07379,1607641544432
Fix,GT,37.3163125,-121.9564787,,28.236832,0.1,85.24301,1607641545432
Fix,GT,37.3163347,-121.9561631,,27.93068,0.1,84.7659,1607641546432
Fix,GT,37.3163581,-121.9558511,,27.63509,0.1,84.556335,1607641547432
Fix,GT,37.3163811,-121.9555425,,27.330858,0.1,84.75421,1607641548432
Fix,GT,37.3164021,-121.955237,,27.001316,0.1,85.479645,1607641549432
Fix,GT,37.3164188,-121.9549352,,26.652992,0.1,86.73392,1607641550432
Fix,GT,37.3164293,-121.9546357,,26.529167,0.1,88.16785,1607641551432
Fix,GT,37.3164352,-121.9543362,,26.576767,0.1,88.773865,1607641552432
Fix,GT,37.3164401,-121.954037,,26.407408,0.1,88.7832,1607641553432
Fix,GT,37.3164451,-121.9537409,,26.064276,0.1,88.67786,1607641554432
Fix,GT,37.3164505,-121.9534493,,25.639347,0.1,88.49518,1607641555432
Fix,GT,37.3164567,-121.9531627,,25.186768,0.1,88.29315,1607641556432
Fix,GT,37.3164631,-121.9528813,,24.724968,0.1,88.35266,1607641557432
Fix,GT,37.3164684,-121.952606,,23.981546,0.1,88.71735,1607641558432
Fix,GT,37.3164725,-121.9523438,,22.34143,0.1,88.77222,1607641559432
Fix,GT,37.3164767,-121.9521055,,19.853048,0.1,88.43347,1607641560432
Fix,GT,37.3164809,-121.9518976,,17.000721,0.1,88.49744,1607641561432
Fix,GT,37.3164798,-121.9517232,,13.845821,0.1,93.24045,1607641562432
Fix,GT,37.3164588,-121.9515868,,11.039037,0.1,108.31592,1607641563432
Fix,GT,37.3164101,-121.9514941,,9.135132,0.1,132.3364,1607641564432
Fix,GT,37.316345,-121.9514465,,7.899662,0.1,156.19666,1607641565432
Fix,GT,37.3162791,-121.9514253,,7.2318983,0.1,166.56055,1607641566432
Fix,GT,37.3162207,-121.9513984,,6.813404,0.1,156.90851,1607641567432
Fix,GT,37.3161754,-121.9513526,,6.525256,0.1,137.65295,1607641568432
Fix,GT,37.3161473,-121.9512924,,6.2797394,0.1,117.47763,1607641569432
Fix,GT,37.3161371,-121.9512253,,6.229603,0.1,99.60431,1607641570432
Fix,GT,37.3161358,-121.9511532,,6.7508755,0.1,91.6243,1607641571432
Fix,GT,37.3161354,-121.9510744,,7.1978602,0.1,90.59149,1607641572432
Fix,GT,37.3161351,-121.9509929,,7.139968,0.1,90.56406,1607641573432
Fix,GT,37.3161342,-121.9509151,,6.542348,0.1,91.21323,1607641574432
Fix,GT,37.3161326,-121.9508478,,5.3240886,0.1,92.17462,1607641575432
Fix,GT,37.3161309,-121.9507965,,3.7819428,0.1,92.774994,1607641576432
Fix,GT,37.3161297,-121.9507618,,2.4290318,0.1,92.8251,1607641577432
Fix,GT,37.316129,-121.9507406,,1.3347188,0.1,92.75693,1607641578432
Fix,GT,37.3161287,-121.9507315,,0.38216403,0.1,92.7218,1607641579432
Fix,GT,37.3161287,-121.9507304,,0.010701575,0.1,92.71423,1607641580432
Fix,GT,37.3161288,-121.9507303,,0.007976864,0.1,92.71146,1607641581432
Fix,GT,37.3161289,-121.9507303,,0.00596917,0.1,92.70996,1607641582432
Fix,GT,37.3161289,-121.9507303,,0.0047716256,0.1,92.70947,1607641583432
Fix,GT,37.3161289,-121.9507302,,0.0043211323,0.1,92.708374,1607641584432
Fix,GT,37.3161289,-121.9507302,,0.0041231057,0.1,92.707275,1607641585432
Fix,GT,37.3161289,-121.9507302,,0.004069845,0.1,92.70618,1607641586432
Fix,GT,37.3161289,-121.9507302,,0.0035673622,0.1,92.70526,1607641587432
Fix,GT,37.3161289,-121.9507302,,0.002669494,0.1,92.70422,1607641588432
Fix,GT,37.3161289,-121.9507301,,0.0018805026,0.1,92.703064,1607641589432
Fix,GT,37.3161289,-121.9507301,,0.0016676472,0.1,92.701904,1607641590432
Fix,GT,37.3161289,-121.9507301,,0.0026946228,0.1,92.700806,1607641591432
Fix,GT,37.3161289,-121.9507301,,0.0048158877,0.1,92.69977,1607641592432
Fix,GT,37.3161289,-121.9507298,,0.13607739,0.1,92.69565,1607641593432
Fix,GT,37.3161288,-121.9507248,,0.94009054,0.1,92.65332,1607641594432
Fix,GT,37.3161281,-121.9507046,,2.7492945,0.1,92.75037,1607641595432
Fix,GT,37.3161263,-121.9506614,,4.77378,0.1,93.068146,1607641596432
Fix,GT,37.3161236,-121.9505997,,6.02913,0.1,93.10159,1607641597432
Fix,GT,37.316121,-121.9505274,,6.8699102,0.1,92.67001,1607641598432
Fix,GT,37.3161188,-121.9504452,,7.6218653,0.1,91.9881,1607641599432
Fix,GT,37.3161191,-121.9503582,,7.7174706,0.1,88.83029,1607641600432
Fix,GT,37.3161285,-121.9502744,,7.4570656,0.1,79.50543,1607641601432
Fix,GT,37.3161533,-121.9502004,,7.1147604,0.1,64.100586,1607641602432
Fix,GT,37.3161948,-121.950145,,6.8259277,0.1,42.58716,1607641603432
Fix,GT,37.3162494,-121.950119,,6.855114,0.1,17.373016,1607641604432
Fix,GT,37.3163131,-121.9501159,,7.7979364,0.1,1.9108887,1607641605432
Fix,GT,37.3163929,-121.9501185,,10.051634,0.1,359.57953,1607641606432
Fix,GT,37.3164967,-121.9501209,,12.8999815,0.1,359.5629,1607641607432
Fix,GT,37.3166213,-121.9501224,,14.59971,0.1,359.807,1607641608432
Fix,GT,37.3167537,-121.9501233,,14.4114,0.1,359.96048,1607641609432
Fix,GT,37.3168764,-121.9501237,,12.472783,0.1,0.015289307,1607641610432
Fix,GT,37.3169746,-121.9501237,,9.253142,0.1,0.1715393,1607641611432
Fix,GT,37.3170428,-121.9501237,,5.931099,0.1,0.27819824,1607641612432
Fix,GT,37.3170834,-121.9501236,,3.2898571,0.1,0.24389648,1607641613432
Fix,GT,37.3171045,-121.9501238,,1.5467622,0.1,359.92303,1607641614432
Fix,GT,37.3171125,-121.950124,,0.38282874,0.1,359.70374,1607641615432
Fix,GT,37.3171132,-121.9501241,,0.003431851,0.1,359.68887,1607641616432
Fix,GT,37.3171132,-121.9501241,,0.004060494,0.1,359.688,1607641617432
Fix,GT,37.3171132,-121.9501241,,0.0028284271,0.1,359.68542,1607641618432
Fix,GT,37.3171132,-121.9501241,,0.0029728636,0.1,359.6843,1607641619432
Fix,GT,37.3171131,-121.9501241,,0.0031622776,0.1,359.6833,1607641620432
Fix,GT,37.3171131,-121.9501241,,0.00309207,0.1,359.68228,1607641621432
Fix,GT,37.317113,-121.9501241,,0.0025673616,0.1,359.6812,1607641622432
Fix,GT,37.317113,-121.9501241,,0.0015673616,0.1,359.68005,1607641623432
Fix,GT,37.3171129,-121.9501241,,0.0005673616,0.1,359.67905,1607641624432
Fix,GT,37.3171129,-121.9501241,,0.0,0.1,359.67804,1607641625432
Fix,GT,37.3171129,-121.9501241,,0.00043263848,0.1,359.67703,1607641626432
Fix,GT,37.3171129,-121.9501241,,0.0009999999,0.1,359.67603,1607641627432
Fix,GT,37.3171129,-121.9501241,,0.0011792048,0.1,359.67502,1607641628432
Fix,GT,37.3171129,-121.9501241,,0.0012350088,0.1,359.67395,1607641629432
Fix,GT,37.3171129,-121.9501241,,0.0014326385,0.1,359.67282,1607641630432
Fix,GT,37.3171129,-121.9501241,,0.0017465663,0.1,359.67172,1607641631432
Fix,GT,37.3171129,-121.9501241,,0.0012350088,0.1,359.6705,1607641632432
Fix,GT,37.3171129,-121.9501241,,0.0011792048,0.1,359.66934,1607641633432
Fix,GT,37.3171129,-121.9501241,,0.0014142136,0.1,359.66827,1607641634432
Fix,GT,37.3171129,-121.9501241,,0.0012350089,0.1,359.6673,1607641635432
Fix,GT,37.3171129,-121.9501241,,0.001,0.1,359.66632,1607641636432
Fix,GT,37.3171129,-121.9501241,,0.0011792048,0.1,359.6654,1607641637432
Fix,GT,37.3171129,-121.9501241,,0.0012350087,0.1,359.66443,1607641638432
Fix,GT,37.3171129,-121.9501241,,0.0011792048,0.1,359.66336,1607641639432
Fix,GT,37.3171129,-121.9501241,,0.0012350087,0.1,359.66226,1607641640432
Fix,GT,37.3171129,-121.9501241,,0.001,0.1,359.66116,1607641641432
Fix,GT,37.3171129,-121.9501241,,0.0011792048,0.1,359.6602,1607641642432
Fix,GT,37.3171129,-121.9501241,,0.0012350088,0.1,359.6592,1607641643432
Fix,GT,37.3171129,-121.9501241,,0.001,0.1,359.6582,1607641644432
Fix,GT,37.3171129,-121.9501241,,0.001,0.1,359.65717,1607641645432
Fix,GT,37.3171129,-121.9501241,,0.001,0.1,359.6561,1607641646432
Fix,GT,37.3171129,-121.9501241,,0.001,0.1,359.65515,1607641647432
Fix,GT,37.3171129,-121.9501241,,0.0009999999,0.1,359.6542,1607641648432
Fix,GT,37.3171129,-121.9501241,,0.0009999999,0.1,359.65326,1607641649432
Fix,GT,37.3171129,-121.9501241,,0.001,0.1,359.65237,1607641650432
Fix,GT,37.3171129,-121.9501241,,0.001,0.1,359.6513,1607641651432
Fix,GT,37.3171129,-121.9501241,,0.001,0.1,359.65015,1607641652432
Fix,GT,37.3171129,-121.9501241,,0.001,0.1,359.6491,1607641653432
Fix,GT,37.3171129,-121.9501242,,0.00056736125,0.1,359.64816,1607641654432
Fix,GT,37.3171129,-121.9501242,,0.0004326388,0.1,359.64713,1607641655432
Fix,GT,37.3171129,-121.9501242,,0.00056736125,0.1,359.646,1607641656432
Fix,GT,37.3171129,-121.9501242,,0.0,0.1,359.64493,1607641657432
Fix,GT,37.3171129,-121.9501242,,0.0,0.1,359.64386,1607641658432
Fix,GT,37.3171129,-121.9501242,,0.0,0.1,359.6428,1607641659432
Fix,GT,37.3171129,-121.9501242,,0.0004326389,0.1,359.64178,1607641660432
Fix,GT,37.3171129,-121.9501242,,0.001,0.1,359.6408,1607641661432
Fix,GT,37.3171129,-121.9501242,,0.00056736113,0.1,359.63992,1607641662432
Fix,GT,37.3171129,-121.9501242,,0.0,0.1,359.63898,1607641663432
Fix,GT,37.3171129,-121.9501242,,0.0,0.1,359.63797,1607641664432
Fix,GT,37.3171129,-121.9501242,,0.0,0.1,359.63687,1607641665432
Fix,GT,37.3171129,-121.9501242,,0.0,0.1,359.63577,1607641666432
Fix,GT,37.3171129,-121.9501242,,0.0,0.1,359.63477,1607641667432
Fix,GT,37.3171129,-121.9501242,,0.0,0.1,359.63385,1607641668432
Fix,GT,37.3171129,-121.9501242,,0.0,0.1,359.6329,1607641669432
Fix,GT,37.3171129,-121.9501242,,0.00043263898,0.1,359.63187,1607641670432
Fix,GT,37.3171129,-121.9501242,,0.001,0.1,359.63068,1607641671432
Fix,GT,37.3171129,-121.9501242,,0.001,0.1,359.62967,1607641672432
Fix,GT,37.3171129,-121.9501242,,0.001,0.1,359.62857,1607641673432
Fix,GT,37.3171129,-121.9501242,,0.001,0.1,359.6274,1607641674432
Fix,GT,37.3171129,-121.9501242,,0.001,0.1,359.62643,1607641675432
Fix,GT,37.3171129,-121.9501242,,0.001,0.1,359.6254,1607641676432
Fix,GT,37.3171129,-121.9501242,,0.0011792049,0.1,359.62427,1607641677432
Fix,GT,37.3171129,-121.9501242,,0.0014142136,0.1,359.62317,1607641678432
Fix,GT,37.3171129,-121.9501242,,0.0014142136,0.1,359.62213,1607641679432
Fix,GT,37.3171129,-121.9501242,,0.0017697798,0.1,359.62115,1607641680432
Fix,GT,37.3171129,-121.9501242,,0.0026367824,0.1,359.6201,1607641681432
Fix,GT,37.3171129,-121.9501242,,0.0033540553,0.1,359.61893,1607641682432
Fix,GT,37.3171129,-121.9501242,,0.0032693371,0.1,359.61786,1607641683432
Fix,GT,37.3171129,-121.9501242,,0.0031646416,0.1,359.6169,1607641684432
Fix,GT,37.3171129,-121.9501242,,0.0032693371,0.1,359.616,1607641685432
Fix,GT,37.3171129,-121.9501242,,0.0028284271,0.1,359.61508,1607641686432
Fix,GT,37.3171129,-121.9501242,,0.002972864,0.1,359.61417,1607641687432
Fix,GT,37.3171129,-121.9501242,,0.0031622776,0.1,359.61313,1607641688432
Fix,GT,37.3171129,-121.9501242,,0.00309207,0.1,359.61206,1607641689432
Fix,GT,37.3171129,-121.9501242,,0.0026694932,0.1,359.61102,1607641690432
Fix,GT,37.3171129,-121.9501242,,0.0030524742,0.1,359.6101,1607641691432
Fix,GT,37.3171129,-121.9501242,,0.0049351235,0.1,359.60922,1607641692432
Fix,GT,37.3171129,-121.9501242,,0.0077521345,0.1,359.60812,1607641693432
Fix,GT,37.3171128,-121.9501242,,0.011896355,0.1,359.607,1607641694432
Fix,GT,37.3171128,-121.9501241,,0.016743645,0.1,359.60583,1607641695432
Fix,GT,37.3171128,-121.9501241,,0.022800092,0.1,359.60486,1607641696432
Fix,GT,37.3171128,-121.9501241,,0.029861033,0.1,359.60394,1607641697432
Fix,GT,37.3171127,-121.9501241,,0.038028795,0.1,359.6029,1607641698432
Fix,GT,37.3171127,-121.9501242,,0.11786164,0.1,359.60028,1607641699432
Fix,GT,37.3171163,-121.9501246,,1.0195541,0.1,359.33896,1607641700432
Fix,GT,37.3171334,-121.950127,,3.0002236,0.1,356.9917,1607641701432
Fix,GT,37.3171682,-121.950137,,4.9457684,0.1,348.61624,1607641702432
Fix,GT,37.3172115,-121.9501688,,6.4956427,0.1,329.16077,1607641703432
Fix,GT,37.3172473,-121.9502329,,7.9378586,0.1,302.79816,1607641704432
Fix,GT,37.3172655,-121.9503266,,9.758653,0.1,280.73053,1607641705432
Fix,GT,37.3172652,-121.9504472,,11.8418865,0.1,267.86255,1607641706432
Fix,GT,37.317254,-121.9505931,,14.238705,0.1,264.53458,1607641707432
Fix,GT,37.3172394,-121.9507693,,17.314152,0.1,264.3519,1607641708432
Fix,GT,37.3172222,-121.9509799,,20.147215,0.1,264.48428,1607641709432
Fix,GT,37.3172031,-121.9512193,,22.488136,0.1,264.43402,1607641710432
Fix,GT,37.3171813,-121.9514845,,24.774405,0.1,264.0216,1607641711432
Fix,GT,37.3171548,-121.9517745,,26.93848,0.1,263.11133,1607641712432
Fix,GT,37.3171222,-121.9520861,,28.57418,0.1,262.37823,1607641713432
Fix,GT,37.3170864,-121.9524108,,29.372139,0.1,262.16208,1607641714432
Fix,GT,37.3170501,-121.9527398,,29.476006,0.1,262.2201,1607641715432
Fix,GT,37.3170135,-121.9530681,,29.220728,0.1,262.101,1607641716432
Fix,GT,37.3169764,-121.9533926,,28.903847,0.1,261.7723,1607641717432
Fix,GT,37.3169393,-121.9537135,,28.55111,0.1,261.76132,1607641718432
Fix,GT,37.3169026,-121.9540301,,28.157085,0.1,261.85858,1607641719432
Fix,GT,37.3168669,-121.9543422,,27.717216,0.1,262.0138,1607641720432
Fix,GT,37.3168326,-121.9546494,,27.29561,0.1,262.17905,1607641721432
Fix,GT,37.3167993,-121.9549522,,26.897438,0.1,262.153,1607641722432
Fix,GT,37.3167657,-121.9552505,,26.521935,0.1,261.7189,1607641723432
Fix,GT,37.316731,-121.9555445,,26.159668,0.1,261.39813,1607641724432
Fix,GT,37.3166968,-121.9558349,,25.888363,0.1,262.04572,1607641725432
Fix,GT,37.3166665,-121.9561239,,25.824144,0.1,263.00183,1607641726432
Fix,GT,37.3166382,-121.9564135,,25.974398,0.1,262.9485,1607641727432
Fix,GT,37.3166083,-121.9567062,,26.454865,0.1,262.7149,1607641728432
Fix,GT,37.3165803,-121.9570071,,27.215443,0.1,264.10217,1607641729432
Fix,GT,37.3165597,-121.9573163,,27.743633,0.1,266.29984,1607641730432
Fix,GT,37.3165466,-121.9576304,,27.982267,0.1,267.64615,1607641731432
Fix,GT,37.3165379,-121.9579477,,28.351837,0.1,268.3756,1607641732432
Fix,GT,37.3165319,-121.9582703,,28.821745,0.1,269.02914,1607641733432
Fix,GT,37.3165291,-121.9585976,,29.167786,0.1,269.7838,1607641734432
Fix,GT,37.3165299,-121.9589284,,29.487385,0.1,270.56696,1607641735432
Fix,GT,37.3165339,-121.9592629,,29.815601,0.1,271.08798,1607641736432
Fix,GT,37.3165396,-121.9596011,,30.147333,0.1,271.22296,1607641737432
Fix,GT,37.3165455,-121.9599428,,30.43676,0.1,271.17447,1607641738432
Fix,GT,37.3165511,-121.9602874,,30.6517,0.1,271.14514,1607641739432
Fix,GT,37.3165569,-121.960634,,30.803017,0.1,271.12494,1607641740432
Fix,GT,37.316562,-121.9609819,,30.833534,0.1,270.90262,1607641741432
Fix,GT,37.3165661,-121.9613284,,30.540342,0.1,270.858,1607641742432
Fix,GT,37.3165708,-121.9616699,,30.011143,0.1,271.0885,1607641743432
Fix,GT,37.3165762,-121.9620062,,29.647339,0.1,271.21008,1607641744432
Fix,GT,37.3165815,-121.9623398,,29.531784,0.1,271.07358,1607641745432
Fix,GT,37.3165859,-121.9626726,,29.486143,0.1,270.8484,1607641746432
Fix,GT,37.3165896,-121.9630052,,29.481,0.1,270.70145,1607641747432
Fix,GT,37.3165926,-121.9633371,,29.359425,0.1,270.58533,1607641748432
Fix,GT,37.3165946,-121.9636663,,28.995213,0.1,270.33105,1607641749432
Fix,GT,37.3165959,-121.9639913,,28.630919,0.1,270.40936,1607641750432
Fix,GT,37.3165981,-121.9643125,,28.31678,0.1,270.7486,1607641751432
Fix,GT,37.3166009,-121.9646303,,28.033588,0.1,270.44653,1607641752432
Fix,GT,37.3166006,-121.9649451,,27.80053,0.1,269.54694,1607641753432
Fix,GT,37.3165975,-121.9652578,,27.669537,0.1,269.32675,1607641754432
Fix,GT,37.3165956,-121.9655696,,27.604656,0.1,269.80423,1607641755432
Fix,GT,37.3165953,-121.9658806,,27.523241,0.1,269.8208,1607641756432
Fix,GT,37.3165932,-121.9661907,,27.455912,0.1,269.1222,1607641757432
Fix,GT,37.3165875,-121.9664999,,27.389725,0.1,268.24463,1607641758432
Fix,GT,37.3165791,-121.9668083,,27.319859,0.1,267.77316,1607641759432
Fix,GT,37.3165691,-121.9671158,,27.228117,0.1,267.56903,1607641760432
Fix,GT,37.3165588,-121.9674219,,27.093441,0.1,267.5228,1607641761432
Fix,GT,37.3165483,-121.9677262,,26.899426,0.1,267.47812,1607641762432
Fix,GT,37.3165379,-121.9680281,,26.644459,0.1,267.5324,1607641763432
Fix,GT,37.3165285,-121.9683269,,26.331638,0.1,268.1415,1607641764432
Fix,GT,37.3165248,-121.968622,,25.975025,0.1,270.24078,1607641765432
Fix,GT,37.3165307,-121.9689131,,25.621582,0.1,272.5932,1607641766432
Fix,GT,37.3165435,-121.9692,,25.298477,0.1,273.4677,1607641767432
Fix,GT,37.3165584,-121.969483,,24.97201,0.1,273.6999,1607641768432
Fix,GT,37.3165723,-121.9697623,,24.65519,0.1,273.09006,1607641769432
Fix,GT,37.3165831,-121.9700383,,24.343407,0.1,272.18463,1607641770432
Fix,GT,37.3165909,-121.9703109,,24.032148,0.1,271.85434,1607641771432
Fix,GT,37.3165991,-121.9705806,,23.8289,0.1,272.36618,1607641772432
Fix,GT,37.3166106,-121.9708488,,23.839855,0.1,273.5556,1607641773432
Fix,GT,37.316628,-121.9711179,,24.081436,0.1,275.27646,1607641774432
Fix,GT,37.3166526,-121.9713901,,24.51155,0.1,277.1352,1607641775432
Fix,GT,37.3166847,-121.9716652,,24.78292,0.1,279.04333,1607641776432
Fix,GT,37.3167244,-121.9719397,,24.632427,0.1,281.32526,1607641777432
Fix,GT,37.3167749,-121.9722095,,24.558704,0.1,284.7405,1607641778432
Fix,GT,37.3168413,-121.9724756,,24.939754,0.1,289.4859,1607641779432
Fix,GT,37.3169269,-121.9727409,,25.772484,0.1,293.71652,1607641780432
Fix,GT,37.3170273,-121.9730063,,26.187635,0.1,296.16064,1607641781432
Fix,GT,37.3171326,-121.9732687,,25.720257,0.1,296.77695,1607641782432
Fix,GT,37.3172352,-121.9735219,,24.361681,0.1,296.84055,1607641783432
Fix,GT,37.317327,-121.973748,,20.35753,0.1,296.6627,1607641784432
Fix,GT,37.3173968,-121.9739209,,14.137213,0.1,296.59024,1607641785432
Fix,GT,37.3174446,-121.974037,,9.454095,0.1,297.84576,1607641786432
Fix,GT,37.3174829,-121.9741177,,7.595369,0.1,301.69788,1607641787432
Fix,GT,37.3175249,-121.9741828,,7.1602917,0.1,310.1778,1607641788432
Fix,GT,37.317574,-121.9742337,,6.8696012,0.1,322.09763,1607641789432
Fix,GT,37.3176309,-121.9742666,,6.94051,0.1,336.96024,1607641790432
Fix,GT,37.317695,-121.9742815,,7.4116898,0.1,350.10687,1607641791432
Fix,GT,37.3177641,-121.9742878,,7.8393326,0.1,355.62073,1607641792432
Fix,GT,37.3178367,-121.9742892,,8.196803,0.1,359.55237,1607641793432
Fix,GT,37.3179122,-121.9742826,,8.524826,0.1,5.0639343,1607641794432
Fix,GT,37.3179883,-121.9742631,,8.492521,0.1,13.330872,1607641795432
Fix,GT,37.3180578,-121.9742284,,7.93025,0.1,23.858673,1607641796432
Fix,GT,37.318115,-121.974186,,6.6349854,0.1,31.79361,1607641797432
Fix,GT,37.3181578,-121.9741491,,4.9083986,0.1,34.085114,1607641798432
Fix,GT,37.3181882,-121.974123,,3.3692005,0.1,34.15277,1607641799432
Fix,GT,37.3182081,-121.9741061,,1.9894325,0.1,33.96768,1607641800432
Fix,GT,37.3182179,-121.9740977,,0.7327384,0.1,33.86203,1607641801432
Fix,GT,37.3182203,-121.9740956,,0.034227673,0.1,33.85858,1607641802432
Fix,GT,37.3182203,-121.9740955,,0.016207848,0.1,33.858337,1607641803432
Fix,GT,37.3182203,-121.9740955,,0.013733396,0.1,33.856384,1607641804432
Fix,GT,37.3182203,-121.9740955,,0.011588678,0.1,33.855347,1607641805432
Fix,GT,37.3182203,-121.9740955,,0.009353599,0.1,33.854218,1607641806432
Fix,GT,37.3182203,-121.9740956,,0.008166626,0.1,33.85318,1607641807432
Fix,GT,37.3182203,-121.9740956,,0.008141844,0.1,33.85208,1607641808432
Fix,GT,37.3182203,-121.9740956,,0.0073102154,0.1,33.85077,1607641809432
Fix,GT,37.3182203,-121.9740956,,0.005614315,0.1,33.849945,1607641810432
Fix,GT,37.3182203,-121.9740956,,0.005,0.1,33.849182,1607641811432
Fix,GT,37.3182203,-121.9740956,,0.00504284,0.1,33.848236,1607641812432
Fix,GT,37.3182203,-121.9740956,,0.0046767998,0.1,33.847076,1607641813432
Fix,GT,37.3182203,-121.9740956,,0.0041231057,0.1,33.845978,1607641814432
Fix,GT,37.3182203,-121.9740956,,0.0037074124,0.1,33.845062,1607641815432
Fix,GT,37.3182203,-121.9740956,,0.0033540558,0.1,33.844177,1607641816432
Fix,GT,37.3182203,-121.9740956,,0.0036055513,0.1,33.84314,1607641817432
Fix,GT,37.3182203,-121.9740956,,0.0032693357,0.1,33.84204,1607641818432
Fix,GT,37.3182203,-121.9740956,,0.003164643,0.1,33.84085,1607641819432
Fix,GT,37.3182203,-121.9740956,,0.0032693357,0.1,33.83972,1607641820432
Fix,GT,37.3182203,-121.9740956,,0.0028284271,0.1,33.838684,1607641821432
Fix,GT,37.3182203,-121.9740956,,0.003164643,0.1,33.83786,1607641822432
Fix,GT,37.3182203,-121.9740956,,0.0036055516,0.1,33.836914,1607641823432
Fix,GT,37.3182203,-121.9740956,,0.0036055513,0.1,33.835876,1607641824432
Fix,GT,37.3182203,-121.9740956,,0.0036055513,0.1,33.83481,1607641825432
Fix,GT,37.3182203,-121.9740956,,0.003605551,0.1,33.8338,1607641826432
Fix,GT,37.3182203,-121.9740956,,0.0036055513,0.1,33.832825,1607641827432
Fix,GT,37.3182203,-121.9740956,,0.0034137731,0.1,33.831757,1607641828432
Fix,GT,37.3182203,-121.9740956,,0.0033540563,0.1,33.83081,1607641829432
Fix,GT,37.3182203,-121.9740956,,0.003413773,0.1,33.829987,1607641830432
Fix,GT,37.3182203,-121.9740956,,0.0031622776,0.1,33.82898,1607641831432
Fix,GT,37.3182203,-121.9740956,,0.0027615614,0.1,33.82788,1607641832432
Fix,GT,37.3182203,-121.9740956,,0.002492347,0.1,33.826996,1607641833432
Fix,GT,37.3182203,-121.9740956,,0.002572148,0.1,33.826202,1607641834432
Fix,GT,37.3182203,-121.9740956,,0.0026367845,0.1,33.825195,1607641835432
Fix,GT,37.3182203,-121.9740956,,0.0031622774,0.1,33.824127,1607641836432
Fix,GT,37.3182203,-121.9740956,,0.003354056,0.1,33.82306,1607641837432
Fix,GT,37.3182203,-121.9740956,,0.0038811825,0.1,33.82199,1607641838432
Fix,GT,37.3182203,-121.9740956,,0.0033745144,0.1,33.821045,1607641839432
Fix,GT,37.3182203,-121.9740956,,0.002236068,0.1,33.819885,1607641840432
Fix,GT,37.3182203,-121.9740956,,0.0026367847,0.1,33.81888,1607641841432
Fix,GT,37.3182204,-121.9740956,,0.002761561,0.1,33.818054,1607641842432
Fix,GT,37.3182204,-121.9740956,,0.002236068,0.1,33.81711,1607641843432
Fix,GT,37.3182204,-121.9740956,,0.0022360678,0.1,33.816254,1607641844432
Fix,GT,37.3182204,-121.9740956,,0.0024923473,0.1,33.81537,1607641845432
Fix,GT,37.3182204,-121.9740956,,0.0022165796,0.1,33.814545,1607641846432
Fix,GT,37.3182204,-121.9740956,,0.001769782,0.1,33.81363,1607641847432
Fix,GT,37.3182204,-121.9740956,,0.0018804995,0.1,33.81256,1607641848432
Fix,GT,37.3182204,-121.9740956,,0.0014142136,0.1,33.811584,1607641849432
Fix,GT,37.3182204,-121.9740956,,0.0014142136,0.1,33.810547,1607641850432
Fix,GT,37.3182204,-121.9740956,,0.0016676493,0.1,33.8096,1607641851432
Fix,GT,37.3182204,-121.9740956,,0.002,0.1,33.808838,1607641852432
Fix,GT,37.3182204,-121.9740956,,0.0015673583,0.1,33.808044,1607641853432
Fix,GT,37.3182204,-121.9740956,,0.0014326419,0.1,33.807068,1607641854432
Fix,GT,37.3182204,-121.9740956,,0.002,0.1,33.80603,1607641855432
Fix,GT,37.3182204,-121.9740956,,0.0015673582,0.1,33.804962,1607641856432
Fix,GT,37.3182204,-121.9740956,,0.001,0.1,33.803864,1607641857432
Fix,GT,37.3182204,-121.9740956,,0.001,0.1,33.802704,1607641858432
Fix,GT,37.3182204,-121.9740956,,0.001,0.1,33.801636,1607641859432
Fix,GT,37.3182204,-121.9740956,,0.001,0.1,33.80081,1607641860432
Fix,GT,37.3182204,-121.9740956,,0.001,0.1,33.799896,1607641861432
Fix,GT,37.3182204,-121.9740956,,0.001,0.1,33.798767,1607641862432
Fix,GT,37.3182204,-121.9740956,,0.001,0.1,33.79776,1607641863432
Fix,GT,37.3182204,-121.9740956,,0.001,0.1,33.796936,1607641864432
Fix,GT,37.3182204,-121.9740956,,0.0011792062,0.1,33.796173,1607641865432
Fix,GT,37.3182204,-121.9740956,,0.0014142136,0.1,33.795166,1607641866432
Fix,GT,37.3182204,-121.9740956,,0.0014142136,0.1,33.794098,1607641867432
Fix,GT,37.3182204,-121.9740956,,0.0014142136,0.1,33.79315,1607641868432
Fix,GT,37.3182204,-121.9740956,,0.0014142136,0.1,33.792145,1607641869432
Fix,GT,37.3182204,-121.9740956,,0.0016676495,0.1,33.79123,1607641870432
Fix,GT,37.3182204,-121.9740956,,0.0017465642,0.1,33.790283,1607641871432
Fix,GT,37.3182204,-121.9740956,,0.0012350073,0.1,33.789246,1607641872432
Fix,GT,37.3182204,-121.9740956,,0.0011792064,0.1,33.787903,1607641873432
Fix,GT,37.3182204,-121.9740956,,0.0014142136,0.1,33.786682,1607641874432
Fix,GT,37.3182204,-121.9740956,,0.0014142136,0.1,33.786133,1607641875432
Fix,GT,37.3182204,-121.9740956,,0.0014142136,0.1,33.78546,1607641876432
Fix,GT,37.3182204,-121.9740956,,0.0014142136,0.1,33.784607,1607641877432
Fix,GT,37.3182204,-121.9740956,,0.0014142136,0.1,33.7836,1607641878432
Fix,GT,37.3182204,-121.9740956,,0.0014142136,0.1,33.78253,1607641879432
Fix,GT,37.3182204,-121.9740956,,0.0014142136,0.1,33.781586,1607641880432
Fix,GT,37.3182204,-121.9740956,,0.0017697827,0.1,33.78055,1607641881432
Fix,GT,37.3182204,-121.9740956,,0.0018804988,0.1,33.77948,1607641882432
Fix,GT,37.3182204,-121.9740956,,0.0014142136,0.1,33.778625,1607641883432
Fix,GT,37.3182204,-121.9740956,,0.0012350072,0.1,33.777588,1607641884432
Fix,GT,37.3182204,-121.9740956,,0.0011792064,0.1,33.77652,1607641885432
Fix,GT,37.3182204,-121.9740956,,0.0017697827,0.1,33.775513,1607641886432
Fix,GT,37.3182204,-121.9740956,,0.002236068,0.1,33.774567,1607641887432
Fix,GT,37.3182204,-121.9740956,,0.0017012923,0.1,33.773865,1607641888432
Fix,GT,37.3182204,-121.9740956,,0.0011792064,0.1,33.77304,1607641889432
Fix,GT,37.3182204,-121.9740956,,0.0014142136,0.1,33.772034,1607641890432
Fix,GT,37.3182204,-121.9740956,,0.0014142136,0.1,33.771027,1607641891432
Fix,GT,37.3182204,-121.9740956,,0.0012350071,0.1,33.77008,1607641892432
Fix,GT,37.3182204,-121.9740956,,0.0014326428,0.1,33.769196,1607641893432
Fix,GT,37.3182204,-121.9740956,,0.0021021331,0.1,33.76837,1607641894432
Fix,GT,37.3182204,-121.9740956,,0.002236068,0.1,33.767395,1607641895432
Fix,GT,37.3182204,-121.9740956,,0.0018804986,0.1,33.766327,1607641896432
Fix,GT,37.3182204,-121.9740956,,0.001769783,0.1,33.76532,1607641897432
Fix,GT,37.3182204,-121.9740956,,0.002236068,0.1,33.76425,1607641898432
Fix,GT,37.3182204,-121.9740956,,0.002236068,0.1,33.763306,1607641899432
Fix,GT,37.3182204,-121.9740956,,0.002236068,0.1,33.762512,1607641900432
Fix,GT,37.3182204,-121.9740956,,0.0028285654,0.1,33.761627,1607641901432
Fix,GT,37.3182204,-121.9740956,,0.0038811835,0.1,33.76065,1607641902432
Fix,GT,37.3182204,-121.9740956,,0.0039670086,0.1,33.759644,1607641903432
Fix,GT,37.3182204,-121.9740956,,0.0036055516,0.1,33.758636,1607641904432
Fix,GT,37.3182204,-121.9740956,,0.0036055513,0.1,33.75775,1607641905432
Fix,GT,37.3182204,-121.9740956,,0.0039804736,0.1,33.756897,1607641906432
Fix,GT,37.3182203,-121.9740957,,0.004472136,0.1,33.756012,1607641907432
Fix,GT,37.3182203,-121.9740957,,0.004472136,0.1,33.754974,1607641908432
Fix,GT,37.3182203,-121.9740957,,0.0044721356,0.1,33.753906,1607641909432
Fix,GT,37.3182203,-121.9740957,,0.0044721356,0.1,33.75287,1607641910432
Fix,GT,37.3182202,-121.9740957,,0.004472136,0.1,33.751953,1607641911432
Fix,GT,37.3182202,-121.9740956,,0.0050600185,0.1,33.75107,1607641912432
Fix,GT,37.3182202,-121.9740956,,0.005830952,0.1,33.75009,1607641913432
Fix,GT,37.3182202,-121.9740956,,0.0060784984,0.1,33.749084,1607641914432
Fix,GT,37.3182202,-121.9740956,,0.0066921054,0.1,33.748016,1607641915432
Fix,GT,37.3182202,-121.9740956,,0.0076829176,0.1,33.74713,1607641916432
Fix,GT,37.3182202,-121.9740956,,0.009413242,0.1,33.746185,1607641917432
Fix,GT,37.3182203,-121.9740956,,0.0115716215,0.1,33.74521,1607641918432
Fix,GT,37.3182203,-121.9740955,,0.014106402,0.1,33.744385,1607641919432
Fix,GT,37.3182204,-121.9740955,,0.017133795,0.1,33.743195,1607641920432
Fix,GT,37.3182205,-121.9740954,,0.020665063,0.1,33.742065,1607641921432
Fix,GT,37.3182205,-121.9740954,,0.025306178,0.1,33.740997,1607641922432
Fix,GT,37.3182206,-121.9740953,,0.029861264,0.1,33.74109,1607641923432
Fix,GT,37.3182217,-121.9740946,,0.37736398,0.1,33.737732,1607641924432
Fix,GT,37.3182291,-121.9740887,,1.5811113,0.1,33.62784,1607641925432
Fix,GT,37.3182469,-121.9740804,,2.4601007,0.1,26.55664,1607641926432
Fix,GT,37.3182687,-121.974086,,2.434259,0.1,4.0326843,1607641927432
Fix,GT,37.3182839,-121.9741121,,2.8317811,0.1,330.39285,1607641928432
Fix,GT,37.3182833,-121.9741493,,3.3951044,0.1,291.0182,1607641929432
Fix,GT,37.3182614,-121.9741822,,4.222602,0.1,249.99045,1607641930432
Fix,GT,37.3182238,-121.9742075,,5.6627,0.1,220.00812,1607641931432
Fix,GT,37.3181723,-121.9742409,,7.545901,0.1,209.53027,1607641932432
Fix,GT,37.3181056,-121.9742881,,9.448396,0.1,209.26393,1607641933432
Fix,GT,37.3180244,-121.9743452,,11.227208,0.1,208.99825,1607641934432
Fix,GT,37.3179289,-121.9744111,,13.043563,0.1,208.63074,1607641935432
Fix,GT,37.3178198,-121.9744881,,14.7382555,0.1,209.63976,1607641936432
Fix,GT,37.3177003,-121.9745777,,16.023952,0.1,211.2093,1607641937432
Fix,GT,37.3175761,-121.9746759,,16.423828,0.1,212.39035,1607641938432
Fix,GT,37.3174526,-121.9747761,,16.214409,0.1,212.94199,1607641939432
Fix,GT,37.3173316,-121.9748759,,15.945318,0.1,213.36765,1607641940432
Fix,GT,37.3172139,-121.9749745,,15.253461,0.1,213.75702,1607641941432
Fix,GT,37.3171076,-121.9750637,,12.829253,0.1,213.71753,1607641942432
Fix,GT,37.3170264,-121.9751312,,8.73919,0.1,213.30722,1607641943432
Fix,GT,37.3169757,-121.9751725,,4.7875543,0.1,212.79341,1607641944432
Fix,GT,37.3169512,-121.975192,,1.8544196,0.1,212.43108,1607641945432
Fix,GT,37.3169438,-121.9751979,,0.40183595,0.1,212.28523,1607641946432
Fix,GT,37.3169433,-121.9751984,,0.006752691,0.1,212.27704,1607641947432
Fix,GT,37.3169433,-121.9751985,,0.0074703195,0.1,212.27487,1607641948432
Fix,GT,37.3169433,-121.9751985,,0.007551032,0.1,212.27226,1607641949432
Fix,GT,37.3169433,-121.9751985,,0.0069935266,0.1,212.27136,1607641950432
Fix,GT,37.3169433,-121.9751985,,0.007100858,0.1,212.26978,1607641951432
Fix,GT,37.3169433,-121.9751985,,0.0069525256,0.1,212.26843,1607641952432
Fix,GT,37.3169433,-121.9751985,,0.005614312,0.1,212.26746,1607641953432
Fix,GT,37.3169433,-121.9751985,,0.004771623,0.1,212.26628,1607641954432
Fix,GT,37.3169433,-121.9751985,,0.0040972135,0.1,212.26598,1607641955432
Fix,GT,37.3169433,-121.9751985,,0.0036055516,0.1,212.26529,1607641956432
Fix,GT,37.3169433,-121.9751985,,0.0036055516,0.1,212.26411,1607641957432
Fix,GT,37.3169433,-121.9751985,,0.0032693336,0.1,212.26302,1607641958432
Fix,GT,37.3169433,-121.9751985,,0.0025721467,0.1,212.262,1607641959432
Fix,GT,37.3169433,-121.9751985,,0.0024923487,0.1,212.26086,1607641960432
Fix,GT,37.3169433,-121.9751985,,0.0022165766,0.1,212.25986,1607641961432
Fix,GT,37.3169433,-121.9751985,,0.0012350067,0.1,212.25888,1607641962432
Fix,GT,37.3169433,-121.9751985,,0.0015347772,0.1,212.25774,1607641963432
Fix,GT,37.3169433,-121.9751985,,0.0018804978,0.1,212.25658,1607641964432
Fix,GT,37.3169433,-121.9751985,,0.0014142136,0.1,212.25555,1607641965432
Fix,GT,37.3169433,-121.9751985,,0.0008023628,0.1,212.25462,1607641966432
Fix,GT,37.3169433,-121.9751985,,0.0,0.1,212.25359,1607641967432
Fix,GT,37.3169433,-121.9751985,,0.0,0.1,212.2525,1607641968432
Fix,GT,37.3169433,-121.9751985,,0.0,0.1,212.25139,1607641969432
Fix,GT,37.3169433,-121.9751985,,0.0,0.1,212.25018,1607641970432
Fix,GT,37.3169433,-121.9751985,,0.0,0.1,212.24908,1607641971432
Fix,GT,37.3169433,-121.9751985,,0.0,0.1,212.24815,1607641972432
Fix,GT,37.3169433,-121.9751985,,0.00043264392,0.1,212.24709,1607641973432
Fix,GT,37.3169433,-121.9751985,,0.001179207,0.1,212.24594,1607641974432
Fix,GT,37.3169433,-121.9751985,,0.0016676505,0.1,212.2449,1607641975432
Fix,GT,37.3169433,-121.9751985,,0.002432644,0.1,212.24367,1607641976432
Fix,GT,37.3169433,-121.9751987,,0.003,0.1,212.24263,1607641977432
Fix,GT,37.3169431,-121.9751989,,0.0030702085,0.1,212.2417,1607641978432
Fix,GT,37.3169429,-121.9751992,,0.00362969,0.1,212.24072,1607641979432
Fix,GT,37.3169427,-121.9751996,,0.0041909246,0.1,212.23967,1607641980432
Fix,GT,37.3169425,-121.9752,,0.0049709394,0.1,212.2386,1607641981432
Fix,GT,37.3169421,-121.9752005,,0.0073207775,0.1,212.2375,1607641982432
Fix,GT,37.3169416,-121.9752011,,0.039206877,0.1,212.23747,1607641983432
Fix,GT,37.3169385,-121.9752036,,0.8315873,0.1,212.18225,1607641984432
Fix,GT,37.3169248,-121.9752141,,2.7036161,0.1,211.76263,1607641985432
Fix,GT,37.3168948,-121.9752333,,4.614749,0.1,208.37288,1607641986432
Fix,GT,37.3168468,-121.9752499,,6.5004606,0.1,197.6011,1607641987432
Fix,GT,37.3167841,-121.9752461,,7.7560854,0.1,177.26987,1607641988432
Fix,GT,37.3167272,-121.9752062,,8.000973,0.1,149.71228,1607641989432
Fix,GT,37.3166886,-121.9751327,,8.974164,0.1,124.95264,1607641990432
Fix,GT,37.3166582,-121.9750323,,10.886306,0.1,111.3111,1607641991432
Fix,GT,37.3166274,-121.9749054,,12.98805,0.1,106.21002,1607641992432
Fix,GT,37.3165942,-121.9747529,,15.220882,0.1,104.631775,1607641993432
Fix,GT,37.3165569,-121.974575,,17.33336,0.1,104.06549,1607641994432
Fix,GT,37.3165166,-121.9743787,,18.40225,0.1,104.0163,1607641995432
Fix,GT,37.3164751,-121.9741776,,18.392141,0.1,104.138916,1607641996432
Fix,GT,37.3164337,-121.9739774,,18.298044,0.1,104.095795,1607641997432
Fix,GT,37.3163935,-121.9737767,,18.513056,0.1,103.754456,1607641998432
Fix,GT,37.3163538,-121.9735711,,19.032986,0.1,103.20657,1607641999432
Fix,GT,37.3163155,-121.9733594,,19.455563,0.1,102.315186,1607642000432
Fix,GT,37.3162815,-121.9731437,,19.59566,0.1,100.3436,1607642001432
Fix,GT,37.3162561,-121.9729269,,19.406635,0.1,97.30475,1607642002432
Fix,GT,37.3162394,-121.9727103,,19.392057,0.1,94.71002,1607642003432
Fix,GT,37.3162279,-121.9724906,,19.771278,0.1,93.363464,1607642004432
Fix,GT,37.3162178,-121.9722648,,20.320408,0.1,93.126526,1607642005432
Fix,GT,37.3162063,-121.9720332,,20.695942,0.1,93.665955,1607642006432
Fix,GT,37.316193,-121.9717997,,20.680014,0.1,94.17346,1607642007432
Fix,GT,37.3161787,-121.9715672,,20.685862,0.1,94.40411,1607642008432
Fix,GT,37.3161642,-121.9713343,,20.748901,0.1,94.333435,1607642009432
Fix,GT,37.3161499,-121.9711023,,20.479702,0.1,94.35568,1607642010432
Fix,GT,37.3161368,-121.9708745,,19.977509,0.1,93.915924,1607642011432
Fix,GT,37.3161272,-121.9706543,,19.08776,0.1,92.69278,1607642012432
Fix,GT,37.3161224,-121.9704449,,18.141127,0.1,91.1478,1607642013432
Fix,GT,37.3161221,-121.970244,,17.581703,0.1,89.78644,1607642014432
Fix,GT,37.3161247,-121.9700474,,17.306198,0.1,88.84732,1607642015432
Fix,GT,37.3161285,-121.9698534,,17.15635,0.1,88.37396,1607642016432
Fix,GT,37.3161335,-121.9696592,,17.392836,0.1,87.860504,1607642017432
Fix,GT,37.3161398,-121.96946,,17.967999,0.1,87.63986,1607642018432
Fix,GT,37.3161465,-121.9692543,,18.534616,0.1,87.279785,1607642019432
Fix,GT,37.3161567,-121.9690422,,19.20412,0.1,85.82175,1607642020432
Fix,GT,37.3161714,-121.9688207,,20.263397,0.1,84.9097,1607642021432
Fix,GT,37.3161868,-121.9685855,,21.552546,0.1,85.405975,1607642022432
Fix,GT,37.3162001,-121.9683367,,22.52707,0.1,86.54733,1607642023432
Fix,GT,37.3162107,-121.9680805,,22.81715,0.1,87.251465,1607642024432
Fix,GT,37.3162193,-121.9678249,,22.515018,0.1,87.57037,1607642025432
Fix,GT,37.3162278,-121.9675734,,22.101604,0.1,87.439606,1607642026432
Fix,GT,37.3162368,-121.967327,,21.642147,0.1,87.06268,1607642027432
Fix,GT,37.3162481,-121.967085,,21.42424,0.1,86.25482,1607642028432
Fix,GT,37.3162627,-121.9668425,,21.8619,0.1,85.25479,1607642029432
Fix,GT,37.3162791,-121.9665911,,22.989029,0.1,85.265594,1607642030432
Fix,GT,37.3162947,-121.9663243,,24.435919,0.1,86.02408,1607642031432
Fix,GT,37.3163079,-121.9660438,,25.28305,0.1,86.82483,1607642032432
Fix,GT,37.3163189,-121.9657582,,25.358078,0.1,87.36401,1607642033432
Fix,GT,37.3163289,-121.9654721,,25.440542,0.1,87.49487,1607642034432
Fix,GT,37.3163383,-121.9651843,,25.674997,0.1,87.65613,1607642035432
Fix,GT,37.3163472,-121.9648929,,26.05267,0.1,87.767,1607642036432
Fix,GT,37.3163562,-121.9645968,,26.502842,0.1,87.77838,1607642037432
Fix,GT,37.3163644,-121.9642951,,27.00435,0.1,88.247375,1607642038432
Fix,GT,37.3163696,-121.9639873,,27.543869,0.1,89.20941,1607642039432
Fix,GT,37.3163705,-121.9636751,,27.776957,0.1,90.04172,1607642040432
Fix,GT,37.3163684,-121.9633621,,27.761341,0.1,90.67688,1607642041432
Fix,GT,37.3163641,-121.9630478,,28.054302,0.1,90.94165,1607642042432
Fix,GT,37.3163592,-121.9627286,,28.554367,0.1,90.80359,1607642043432
Fix,GT,37.3163547,-121.9624035,,29.069912,0.1,90.656555,1607642044432
Fix,GT,37.3163505,-121.9620724,,29.581434,0.1,90.79028,1607642045432
Fix,GT,37.3163461,-121.9617359,,30.04351,0.1,90.914215,1607642046432
Fix,GT,37.3163414,-121.9613946,,30.491508,0.1,90.87872,1607642047432
Fix,GT,37.3163366,-121.9610477,,31.056366,0.1,90.81311,1607642048432
Fix,GT,37.3163318,-121.9606939,,31.663408,0.1,90.72595,1607642049432
Fix,GT,37.316327,-121.960335,,31.93304,0.1,90.82254,1607642050432
Fix,GT,37.3163213,-121.9599759,,31.69651,0.1,90.96814,1607642051432
Fix,GT,37.3163163,-121.9596206,,31.306786,0.1,90.799805,1607642052432
Fix,GT,37.3163105,-121.9592696,,30.992222,0.1,91.12964,1607642053432
Fix,GT,37.3163015,-121.9589202,,31.0348,0.1,91.832214,1607642054432
Fix,GT,37.3162926,-121.9585687,,31.235195,0.1,91.588806,1607642055432
Fix,GT,37.3162875,-121.9582163,,31.252848,0.1,90.47946,1607642056432
Fix,GT,37.3162899,-121.9578616,,31.835167,0.1,88.9642,1607642057432
Fix,GT,37.3162995,-121.957495,,33.300747,0.1,87.61102,1607642058432
Fix,GT,37.3163143,-121.9571117,,34.512634,0.1,86.963745,1607642059432
Fix,GT,37.3163298,-121.9567196,,34.826508,0.1,87.28064,1607642060432
Fix,GT,37.3163435,-121.9563287,,34.560986,0.1,87.31656,1607642061432
Fix,GT,37.3163604,-121.9559415,,34.23372,0.1,86.20657,1607642062432
Fix,GT,37.316382,-121.9555595,,33.56963,0.1,85.5336,1607642063432
Fix,GT,37.3164044,-121.9551916,,31.61533,0.1,85.67859,1607642064432
Fix,GT,37.316422,-121.9548526,,28.670012,0.1,86.75882,1607642065432
Fix,GT,37.3164323,-121.9545407,,26.876057,0.1,88.071106,1607642066432
Fix,GT,37.3164383,-121.9542401,,26.505667,0.1,88.51703,1607642067432
Fix,GT,37.3164438,-121.9539427,,26.245388,0.1,88.3573,1607642068432
Fix,GT,37.3164506,-121.9536486,,25.930655,0.1,88.0603,1607642069432
Fix,GT,37.3164576,-121.9533583,,25.605137,0.1,88.18573,1607642070432
Fix,GT,37.316463,-121.9530712,,25.265469,0.1,88.47427,1607642071432
Fix,GT,37.3164672,-121.9527893,,24.460655,0.1,88.53647,1607642072432
Fix,GT,37.316472,-121.9525228,,22.605278,0.1,88.7186,1607642073432
Fix,GT,37.3164756,-121.9522811,,20.29997,0.1,89.002075,1607642074432
Fix,GT,37.3164782,-121.9520658,,17.73875,0.1,89.0076,1607642075432
Fix,GT,37.3164853,-121.9518899,,13.245413,0.1,91.82941,1607642076432
Fix,GT,37.3164839,-121.9517771,,6.933956,0.1,97.297485,1607642077432
Fix,GT,37.3164702,-121.9517279,,2.423303,0.1,100.91409,1607642078432
Fix,GT,37.3164642,-121.9517118,,1.2079873,0.1,104.129974,1607642079432
Fix,GT,37.3164601,-121.9517033,,0.95507884,0.1,105.90161,1607642080432
Fix,GT,37.316457,-121.9516953,,1.2251086,0.1,105.79071,1607642081432
Fix,GT,37.3164526,-121.9516801,,2.2090967,0.1,105.485535,1607642082432
Fix,GT,37.3164445,-121.9516491,,3.9309444,0.1,106.06729,1607642083432
Fix,GT,37.3164285,-121.9515987,,5.685579,0.1,111.5715,1607642084432
Fix,GT,37.3163968,-121.9515414,,6.5623174,0.1,127.60303,1607642085432
Fix,GT,37.3163474,-121.9514994,,6.738869,0.1,149.95709,1607642086432
Fix,GT,37.316288,-121.9514765,,6.99221,0.1,165.12476,1607642087432
Fix,GT,37.3162261,-121.9514578,,6.9709997,0.1,165.38489,1607642088432
Fix,GT,37.3161704,-121.9514258,,6.6912146,0.1,151.06369,1607642089432
Fix,GT,37.3161316,-121.9513721,,6.6747503,0.1,127.98401,1607642090432
Fix,GT,37.3161132,-121.9512992,,7.322645,0.1,105.84323,1607642091432
Fix,GT,37.3161091,-121.9512096,,8.71138,0.1,93.46716,1607642092432
Fix,GT,37.3161092,-121.9511017,,10.214531,0.1,90.70178,1607642093432
Fix,GT,37.3161091,-121.9509825,,10.630872,0.1,90.97943,1607642094432
Fix,GT,37.3161079,-121.9508615,,10.833122,0.1,91.951324,1607642095432
Fix,GT,37.3161051,-121.9507341,,11.655794,0.1,92.48932,1607642096432
Fix,GT,37.3161002,-121.9505975,,12.284041,0.1,92.7218,1607642097432
Fix,GT,37.316095,-121.9504616,,11.846351,0.1,92.601654,1607642098432
Fix,GT,37.3160915,-121.9503362,,10.606929,0.1,90.96097,1607642099432
Fix,GT,37.3160972,-121.950226,,9.266643,0.1,83.075226,1607642100432
Fix,GT,37.3161241,-121.9501344,,8.50468,0.1,63.32483,1607642101432
Fix,GT,37.3161772,-121.9500718,,8.469495,0.1,36.470306,1607642102432
Fix,GT,37.3162491,-121.9500417,,8.893011,0.1,14.639435,1607642103432
Fix,GT,37.3163307,-121.9500304,,9.530714,0.1,5.5871277,1607642104432
Fix,GT,37.3164215,-121.9500212,,11.072191,0.1,4.7732544,1607642105432
Fix,GT,37.3165314,-121.9500129,,13.394511,0.1,2.9601135,1607642106432
Fix,GT,37.31666,-121.950008,,14.717859,0.1,1.3026123,1607642107432
Fix,GT,37.316793,-121.9500056,,14.743807,0.1,0.4756775,1607642108432
Fix,GT,37.3169235,-121.9500037,,14.025934,0.1,0.070495605,1607642109432
Fix,GT,37.317042,-121.9500034,,11.989268,0.1,359.41843,1607642110432
Fix,GT,37.3171358,-121.9500026,,9.01259,0.1,1.8940735,1607642111432
Fix,GT,37.3172032,-121.9499855,,6.7054453,0.1,17.618713,1607642112432
Fix,GT,37.3172433,-121.9499399,,5.924184,0.1,48.815674,1607642113432
Fix,GT,37.3172566,-121.9498743,,6.4194775,0.1,77.69183,1607642114432
Fix,GT,37.3172566,-121.949792,,8.134942,0.1,90.06824,1607642115432
Fix,GT,37.317253,-121.9496907,,9.6441,0.1,92.68463,1607642116432
Fix,GT,37.3172485,-121.9495794,,9.955647,0.1,92.76996,1607642117432
Fix,GT,37.3172442,-121.9494689,,9.619141,0.1,92.77478,1607642118432
Fix,GT,37.3172387,-121.9493647,,8.773722,0.1,93.28851,1607642119432
Fix,GT,37.3172334,-121.9492728,,7.4828587,0.1,93.775085,1607642120432
Fix,GT,37.3172301,-121.9491945,,6.4958935,0.1,93.63049,1607642121432
Fix,GT,37.3172292,-121.9491244,,5.961461,0.1,90.2738,1607642122432
Fix,GT,37.31724,-121.9490615,,5.760727,0.1,74.61206,1607642123432
Fix,GT,37.3172706,-121.949013,,5.7688627,0.1,48.355774,1607642124432
Fix,GT,37.3173142,-121.9489847,,5.592224,0.1,25.021942,1607642125432
Fix,GT,37.3173626,-121.9489734,,5.5617,0.1,9.645905,1607642126432
Fix,GT,37.3174131,-121.9489703,,5.668596,0.1,2.7980042,1607642127432
Fix,GT,37.3174645,-121.9489717,,5.7732263,0.1,359.02774,1607642128432
Fix,GT,37.3175174,-121.9489743,,5.962901,0.1,358.2238,1607642129432
Fix,GT,37.3175713,-121.948977,,5.952965,0.1,358.55814,1607642130432
Fix,GT,37.3176247,-121.9489791,,5.8879495,0.1,358.73367,1607642131432
Fix,GT,37.3176775,-121.9489804,,5.8000116,0.1,358.56192,1607642132432
Fix,GT,37.317728,-121.948982,,5.37893,0.1,358.29074,1607642133432
Fix,GT,37.3177726,-121.9489828,,4.467759,0.1,359.2958,1607642134432
Fix,GT,37.3178068,-121.9489767,,3.2299614,0.1,9.678284,1607642135432
Fix,GT,37.3178272,-121.9489563,,2.6094446,0.1,34.885468,1607642136432
Fix,GT,37.3178354,-121.9489244,,3.0989275,0.1,63.044525,1607642137432
Fix,GT,37.317831,-121.9488921,,4.0336885,0.1,80.23715,1607642138432
Fix,GT,37.3177903,-121.9488762,,4.872892,0.1,85.85315,1607642139432
Fix,GT,37.3177326,-121.948852,,5.316014,0.1,87.89484,1607642140432
Fix,GT,37.317718,-121.9487956,,5.291477,0.1,88.99109,1607642141432
Fix,GT,37.317753,-121.9487348,,5.1000166,0.1,89.92993,1607642142432
Fix,GT,37.3178126,-121.9486657,,4.9085293,0.1,91.27292,1607642143432
Fix,GT,37.3178566,-121.9485839,,4.7043486,0.1,91.903076,1607642144432
Fix,GT,37.3178825,-121.9484934,,4.4688888,0.1,91.8988,1607642145432
Fix,GT,37.3178994,-121.9484156,,3.9822516,0.1,89.45917,1607642146432
Fix,GT,37.3179155,-121.9483695,,3.2705417,0.1,78.46234,1607642147432
Fix,GT,37.3179162,-121.9483583,,2.6535745,0.1,58.15808,1607642148432
Fix,GT,37.3179033,-121.9483654,,2.0309844,0.1,33.71399,1607642149432
Fix,GT,37.3179073,-121.9483696,,1.3462048,0.1,11.634369,1607642150432
Fix,GT,37.3179096,-121.948375,,0.57897407,0.1,0.05722046,1607642151432
Fix,GT,37.317907,-121.9483775,,0.13717425,0.1,357.74237,1607642152432
Fix,GT,37.3179086,-121.9483781,,0.08276616,0.1,357.78104,1607642153432
Fix,GT,37.3179089,-121.9483788,,0.06992715,0.1,357.78192,1607642154432
Fix,GT,37.3179093,-121.9483795,,0.07620394,0.1,357.78204,1607642155432
Fix,GT,37.3179096,-121.94838,,0.07575314,0.1,357.78262,1607642156432
Fix,GT,37.3179098,-121.9483803,,0.040607866,0.1,357.78122,1607642157432
Fix,GT,37.3179099,-121.9483806,,0.025624037,0.1,357.7797,1607642158432
Fix,GT,37.31791,-121.9483807,,0.018872311,0.1,357.77847,1607642159432
Fix,GT,37.3179101,-121.9483808,,0.0137588885,0.1,357.7776,1607642160432
Fix,GT,37.3179101,-121.9483809,,0.010165365,0.1,357.77658,1607642161432
Fix,GT,37.3179101,-121.9483809,,0.007479163,0.1,357.77512,1607642162432
Fix,GT,37.3179102,-121.9483808,,0.005614312,0.1,357.77396,1607642163432
Fix,GT,37.3179102,-121.9483808,,0.004771623,0.1,357.77304,1607642164432
Fix,GT,37.3179102,-121.9483807,,0.004097214,0.1,357.77188,1607642165432
Fix,GT,37.3179103,-121.9483807,,0.0036055516,0.1,357.77063,1607642166432
